dx,dy,length,distance
6,63,10,63
12,2,10,12
296,60,10,302
11,0,10,11
9,11,10,14
157,88,10,179
10,12,10,15
632,132,10,645
455,330,10,562
22,11,10,24
22,8,10,23
35,7,10,35
32,11,10,33
216,111,10,242
24,11,10,26
19,3,10,19
14,8,10,16
20,5,10,20
30,2,10,30
70,146,10,161
27,48,10,55
63,4,10,63
231,57,10,237
156,164,10,226
14,1,10,14
1,0,10,1
23,24,10,33
78,25,10,81
10,28,10,29
128,118,10,174
164,108,10,196
120,19,10,121
403,30,10,404
182,42,11,186
2,5,11,5
3,16,11,16
11,8,11,13
13,2,11,13
34,9,11,35
34,31,11,46
231,6,11,231
2,14,11,14
20,5,11,20
5,27,11,27
137,13,11,137
11,7,11,13
25,22,11,33
59,1,11,59
24,14,11,27
356,203,11,409
285,7,11,285
157,40,11,162
442,1,11,442
26,50,11,56
4,9,11,9
266,91,11,281
1,3,11,3
50,29,11,57
257,351,11,435
9,51,11,51
9,139,11,139
256,9,11,256
31,13,11,33
68,21,11,71
225,154,11,272
443,139,11,464
11,9,11,14
12,16,11,20
21,0,11,21
262,201,11,330
119,8,11,119
31,35,11,46
17,29,11,33
3,42,11,42
2,2,11,2
155,52,12,163
19,15,12,24
10,14,12,17
57,80,12,98
90,60,12,108
75,39,12,84
15,2,12,15
13,37,12,39
463,80,12,469
489,278,12,562
386,45,12,388
358,475,12,594
243,26,12,244
4,0,12,4
91,48,12,102
32,4,12,32
11,2,12,11
6,71,12,71
52,33,12,61
328,42,12,330
231,143,12,271
40,50,12,64
115,83,12,141
87,2,12,87
115,38,12,121
93,32,12,98
308,44,12,311
151,127,12,197
17,8,12,18
94,47,12,105
322,48,12,325
214,398,12,451
15,12,12,19
254,123,12,282
30,0,12,30
12,1,12,12
171,97,12,196
1,4,12,4
25,1,12,25
466,2,12,466
182,27,12,183
451,1,12,451
0,13,12,13
176,28,12,178
162,47,12,168
322,56,12,326
45,12,12,46
0,13,12,13
1,0,13,1
290,482,13,562
391,10,13,391
18,32,13,36
10,54,13,54
15,7,13,16
402,8,13,402
78,25,13,81
528,100,13,537
24,9,13,25
36,1,13,36
11,10,13,14
89,89,13,125
126,18,13,127
83,75,13,111
1,7,13,7
145,44,13,151
8,27,13,28
1132,166,13,1144
201,113,13,230
244,36,13,246
5,6,13,7
616,118,13,627
19,8,13,20
61,6,13,61
2,30,13,30
150,27,13,152
479,16,13,479
44,17,13,47
7,6,13,9
8,8,13,11
26,4,13,26
266,104,13,285
6,63,13,63
24,0,13,24
17,180,13,180
7,10,13,12
45,3,13,45
215,3,13,215
19,15,13,24
77,38,13,85
179,79,13,195
63,59,13,86
23,2,13,23
276,33,13,277
8,21,14,22
15,11,14,18
51,67,14,84
225,233,14,323
18,26,14,31
263,9,14,263
6,19,14,19
463,235,14,519
231,181,14,293
34,67,14,75
34,67,14,75
2,125,14,125
31,40,14,50
132,76,14,152
6,5,14,7
17,30,14,34
274,27,14,275
687,249,14,730
144,28,14,146
95,0,14,95
619,0,14,619
381,94,14,392
415,80,14,422
338,58,14,342
57,18,14,59
685,238,14,725
589,16,14,589
97,42,14,105
35,3,14,35
451,45,14,453
21,4,14,21
272,48,14,276
196,306,14,363
9,11,14,14
17,4,14,17
83,2,14,83
20,0,14,20
82,115,14,141
10,11,14,14
86,13,14,86
75,112,14,134
471,127,14,487
103,52,14,115
248,159,14,294
214,161,14,267
1,51,14,51
640,63,14,643
147,26,14,149
42,215,14,219
220,53,14,226
8,236,14,236
20,27,14,33
9,16,14,18
253,6,14,253
59,10,14,59
170,330,14,371
193,126,14,230
97,15,14,98
246,51,14,251
8,2,14,8
115,50,14,125
5,12,14,13
497,78,15,503
46,48,15,66
20,30,15,36
26,17,15,31
50,53,15,72
106,245,15,266
74,57,15,93
7,51,15,51
92,143,15,170
365,91,15,376
5,52,15,52
213,40,15,216
164,111,15,198
27,180,15,182
199,15,15,199
30,4,15,30
207,235,15,313
90,34,15,96
86,52,15,100
363,306,15,474
61,87,15,106
44,7,15,44
211,82,15,226
612,168,15,634
346,86,15,356
384,54,15,387
22,14,15,26
367,84,15,376
89,400,15,409
396,279,15,484
22,25,15,33
322,10,15,322
578,107,15,587
67,86,15,109
425,62,15,429
177,137,15,223
12,10,15,15
778,41,15,779
27,83,15,87
643,6,15,643
105,30,15,109
91,54,15,105
334,66,15,340
448,212,15,495
54,62,16,82
153,42,16,158
177,201,16,267
69,13,16,70
219,2,16,219
310,175,16,355
379,144,16,405
14,18,16,22
377,33,16,378
188,45,16,193
31,50,16,58
33,5,16,33
74,334,16,342
3,24,16,24
514,360,16,627
136,151,16,203
133,167,16,213
901,254,16,936
371,9,16,371
396,140,16,420
26,12,16,28
429,236,16,489
245,404,16,472
171,37,16,174
153,277,16,316
248,138,16,283
794,30,16,794
1,25,16,25
604,65,16,607
31,27,16,41
138,59,16,150
115,52,16,126
210,289,16,357
130,233,16,266
100,55,16,114
19,1,16,19
455,106,16,467
128,48,16,136
22,15,16,26
360,58,16,364
72,57,16,91
177,212,16,276
203,248,16,320
44,10,16,45
10,43,16,44
172,46,16,178
27,52,16,58
18,79,16,81
406,346,17,533
221,214,17,307
87,8,17,87
759,20,17,759
112,91,17,144
11,20,17,22
293,68,17,300
266,79,17,277
423,326,17,534
183,144,17,232
925,199,17,946
26,61,17,66
142,17,17,143
391,80,17,399
226,13,17,226
36,4,17,36
316,1,17,316
29,10,17,30
67,11,17,67
215,46,17,219
256,100,17,274
15,22,17,26
333,140,17,361
307,232,17,384
236,149,17,279
34,73,17,80
3,20,17,20
108,42,17,115
184,130,17,225
187,82,17,204
100,325,17,340
378,28,17,379
406,139,17,429
24,82,17,85
145,45,17,151
101,26,17,104
28,22,17,35
133,278,17,308
116,82,17,142
119,15,17,119
30,3,17,30
315,43,17,317
5,106,17,106
483,228,17,534
239,109,17,262
220,58,17,227
22,89,17,91
26,11,17,28
464,182,17,498
713,191,17,738
633,343,17,719
89,2,17,89
459,54,17,462
223,90,17,240
282,315,18,422
201,148,18,249
321,201,18,378
230,25,18,231
246,22,18,246
85,70,18,110
19,9,18,21
209,55,18,216
553,35,18,554
567,307,18,644
175,59,18,184
91,69,18,114
124,61,18,138
231,152,18,276
480,96,18,489
2,124,18,124
982,135,18,991
46,73,18,86
101,275,18,292
7,17,18,18
206,64,18,215
563,126,18,576
272,19,18,272
258,431,18,502
167,297,18,340
533,326,18,624
588,278,18,650
440,29,18,440
96,197,18,219
1,23,18,23
84,183,18,201
189,13,18,189
465,42,18,466
283,33,18,284
912,336,18,971
474,415,18,630
249,186,18,310
153,193,18,246
17,10,18,19
50,3,18,50
69,18,18,71
171,4,18,171
312,38,18,314
178,351,18,393
263,8,18,263
301,56,18,306
12,19,18,22
104,114,18,154
35,23,18,41
66,278,18,285
368,129,18,389
64,140,18,153
573,136,18,588
272,104,18,291
7,57,18,57
55,3,18,55
179,47,18,185
346,18,18,346
120,139,18,183
1221,63,18,1222
406,197,18,451
418,260,18,492
139,413,19,435
825,294,19,875
320,8,19,320
223,255,19,338
80,75,19,109
1015,146,19,1025
208,52,19,214
513,6,19,513
327,12,19,327
359,385,19,526
257,5,19,257
53,29,19,60
500,351,19,610
255,207,19,328
104,224,19,246
356,77,19,364
40,72,19,82
322,72,19,329
403,109,19,417
176,138,19,223
217,91,19,235
145,155,19,212
89,345,19,356
264,112,19,286
286,195,19,346
301,10,19,301
493,94,19,501
511,195,19,546
615,4,19,615
392,94,19,403
193,55,19,200
271,153,19,311
76,131,19,151
1,191,19,191
219,93,19,237
239,149,19,281
196,385,19,432
57,190,19,198
322,185,19,371
23,69,19,72
307,2,19,307
107,24,19,109
522,466,19,699
601,203,19,634
870,225,19,898
220,137,19,259
80,147,19,167
467,16,19,467
77,39,19,86
213,56,19,220
447,84,19,454
51,51,19,72
333,18,19,333
357,14,19,357
238,206,19,314
251,131,19,283
137,137,19,193
92,104,19,138
46,213,19,217
389,35,19,390
204,98,19,226
731,128,19,742
435,1,19,435
678,126,19,689
204,86,19,221
233,10,19,233
606,187,19,634
15,91,19,92
114,48,19,123
467,164,19,494
321,3,19,321
1103,362,19,1160
36,355,19,356
677,334,19,754
129,218,19,253
52,85,19,99
19,47,19,50
196,13,19,196
480,21,19,480
38,240,19,242
324,181,19,371
850,148,19,862
536,106,19,546
58,450,19,453
294,98,20,309
60,53,20,80
327,18,20,327
320,59,20,325
422,349,20,547
151,23,20,152
920,75,20,923
79,63,20,101
327,272,20,425
384,179,20,423
722,147,20,736
231,258,20,346
4,164,20,164
5,1,20,5
105,309,20,326
14,4,20,14
117,30,20,120
9,45,20,45
127,63,20,141
103,99,20,142
224,38,20,227
123,19,20,124
160,121,20,200
414,42,20,416
406,173,20,441
508,154,20,530
70,3,20,70
84,83,20,118
421,157,20,449
310,160,20,348
159,47,20,165
598,80,20,603
264,75,20,274
302,141,20,333
520,193,20,554
157,156,20,221
607,208,20,641
675,66,20,678
356,406,20,539
33,220,20,222
219,120,20,249
297,281,20,408
303,82,20,313
69,366,20,372
657,264,20,708
236,78,20,248
622,101,20,630
222,177,20,283
186,120,20,221
38,27,20,46
492,68,20,496
283,70,20,291
221,89,20,238
83,6,20,83
92,5,20,92
179,77,20,194
480,65,20,484
85,10,20,85
838,86,20,842
495,359,20,611
56,111,20,124
290,5,20,290
242,337,20,414
351,433,20,557
135,99,20,167
271,276,20,386
509,198,20,546
641,81,20,646
86,18,20,87
296,205,20,360
387,388,20,548
5,16,20,16
1016,358,20,1077
203,5,20,203
63,156,20,168
477,443,20,650
165,133,21,211
822,551,21,989
112,83,21,139
114,227,21,254
265,396,21,476
286,68,21,293
200,156,21,253
45,180,21,185
255,62,21,262
174,90,21,195
935,440,21,1033
246,65,21,254
908,48,21,909
33,270,21,272
303,75,21,312
460,203,21,502
135,24,21,137
47,74,21,87
143,83,21,165
340,55,21,344
359,229,21,425
232,45,21,236
748,179,21,769
27,319,21,320
235,54,21,241
25,0,21,25
868,407,21,958
139,98,21,170
304,103,21,320
381,154,21,410
565,194,21,597
73,61,21,95
482,499,21,693
342,121,21,362
2,343,21,343
86,83,21,119
201,229,21,304
215,412,21,464
546,117,21,558
264,46,21,267
314,36,21,316
30,8,21,31
929,540,21,1074
27,77,21,81
130,67,21,146
408,360,21,544
30,5,21,30
515,15,21,515
155,210,21,261
502,23,21,502
20,138,21,139
1047,215,21,1068
415,156,21,443
105,93,21,140
173,106,21,202
333,20,21,333
37,111,21,117
15,133,21,133
84,394,21,402
161,32,21,164
134,159,21,207
353,140,21,379
354,134,21,378
88,15,21,89
309,274,21,412
777,390,21,869
430,54,21,433
594,123,21,606
17,12,21,20
37,218,21,221
295,162,21,336
219,246,21,329
687,321,21,758
294,240,21,379
365,276,21,457
18,249,21,249
125,62,21,139
719,51,21,720
384,30,21,385
185,25,21,186
79,286,21,296
446,85,21,454
149,0,21,149
78,32,21,84
287,163,21,330
168,304,21,347
10,2,21,10
279,133,21,309
848,65,21,850
71,8,21,71
368,232,21,435
920,87,21,924
11,29,21,31
422,308,21,522
287,304,21,418
623,108,21,632
110,97,21,146
220,60,21,228
231,109,21,255
517,517,21,731
341,13,21,341
411,369,21,552
72,148,21,164
51,110,21,121
105,70,22,126
47,36,22,59
463,120,22,478
449,150,22,473
147,135,22,199
548,103,22,557
16,201,22,201
260,274,22,377
118,120,22,168
363,175,22,402
599,183,22,626
575,264,22,632
352,50,22,355
479,169,22,507
105,6,22,105
618,130,22,631
35,177,22,180
809,215,22,837
37,217,22,220
283,228,22,363
389,288,22,484
160,170,22,233
212,13,22,212
315,440,22,541
62,251,22,258
60,258,22,264
315,11,22,315
92,18,22,93
589,47,22,590
858,111,22,865
104,106,22,148
60,114,22,128
665,189,22,691
340,321,22,467
322,64,22,328
703,29,22,703
605,115,22,615
76,158,22,175
361,220,22,422
141,36,22,145
692,139,22,705
435,274,22,514
134,20,22,135
243,193,22,310
1302,3,22,1302
4,23,22,23
140,7,22,140
17,1,22,17
65,2,22,65
364,55,22,368
940,454,22,1043
8,7,22,10
555,47,22,556
499,222,22,546
384,104,22,397
227,35,22,229
35,1,22,35
72,146,22,162
48,90,22,102
810,534,22,970
735,195,22,760
4,100,22,100
292,65,22,299
471,284,22,549
54,139,22,149
69,81,22,106
450,165,22,479
183,108,22,212
949,162,22,962
273,181,22,327
356,18,22,356
678,18,22,678
426,110,22,439
318,142,22,348
300,283,22,412
130,53,22,140
110,202,22,230
322,131,22,347
1228,429,22,1300
632,26,22,632
770,389,22,862
279,233,22,363
280,99,22,296
282,72,22,291
898,169,22,913
66,2,22,66
365,174,22,404
215,202,22,295
527,19,22,527
240,392,22,459
811,448,22,926
228,209,22,309
403,39,22,404
337,99,22,351
239,57,22,245
0,201,22,201
528,39,22,529
198,280,22,342
1,2,22,2
453,24,22,453
324,182,22,371
21,337,22,337
867,182,22,885
4,42,22,42
440,432,22,616
191,151,22,243
203,49,22,208
451,169,22,481
337,99,22,351
227,101,22,248
770,69,22,773
887,93,22,891
343,354,22,492
1106,133,22,1113
234,215,22,317
219,584,23,623
197,108,23,224
827,338,23,893
47,73,23,86
226,149,23,270
61,311,23,316
1449,135,23,1455
93,248,23,264
71,317,23,324
183,224,23,289
13,19,23,23
575,383,23,690
173,298,23,344
366,54,23,369
485,122,23,500
127,55,23,138
82,190,23,206
303,261,23,399
125,256,23,284
262,166,23,310
417,221,23,471
790,18,23,790
98,47,23,108
427,127,23,445
953,266,23,989
23,24,23,33
257,65,23,265
543,68,23,547
690,191,23,715
473,25,23,473
329,13,23,329
65,317,23,323
547,146,23,566
548,41,23,549
659,104,23,667
367,502,23,621
332,258,23,420
350,18,23,350
448,63,23,452
153,53,23,161
672,72,23,675
58,53,23,78
170,40,23,174
172,10,23,172
342,472,23,582
316,181,23,364
416,47,23,418
748,327,23,816
159,25,23,160
152,98,23,180
1438,265,23,1462
213,274,23,347
55,105,23,118
1287,134,23,1293
673,311,23,741
347,154,23,379
780,44,23,781
488,56,23,491
818,52,23,819
1380,11,23,1380
319,190,23,371
242,135,23,277
4,68,23,68
173,180,23,249
587,302,23,660
181,41,23,185
49,210,23,215
624,301,23,692
200,80,23,215
100,207,23,229
159,185,23,243
952,556,23,1102
39,141,23,146
612,205,23,645
1000,119,23,1007
123,156,23,198
45,90,23,100
256,164,23,304
260,148,23,299
315,75,23,323
113,131,23,173
599,256,23,651
284,3,23,284
446,82,23,453
128,235,23,267
256,15,23,256
236,21,23,236
388,271,23,473
37,260,23,262
94,71,23,117
446,8,23,446
457,87,23,465
132,48,23,140
454,117,23,468
395,44,23,397
479,558,23,735
144,418,23,442
185,391,23,432
1015,275,23,1051
255,114,23,279
135,298,23,327
450,12,23,450
972,5,23,972
227,253,23,339
254,170,23,305
683,179,23,706
777,104,23,783
25,36,23,43
109,21,23,111
725,63,23,727
169,38,23,173
702,35,23,702
393,160,23,424
618,142,23,634
257,381,23,459
242,307,23,390
147,53,23,156
352,55,23,356
111,13,23,111
228,30,23,229
778,134,23,789
329,3,23,329
157,123,23,199
315,64,23,321
273,106,23,292
444,633,23,773
411,31,23,412
199,184,23,271
421,58,24,424
159,47,24,165
91,268,24,283
476,98,24,485
307,72,24,315
64,189,24,199
859,32,24,859
114,189,24,220
216,52,24,222
251,207,24,325
288,96,24,303
23,26,24,34
204,191,24,279
8,19,24,20
275,61,24,281
764,2,24,764
308,142,24,339
336,39,24,338
301,76,24,310
86,172,24,192
142,198,24,243
184,210,24,279
5,20,24,20
537,257,24,595
251,48,24,255
245,212,24,323
573,202,24,607
151,90,24,175
779,249,24,817
592,8,24,592
491,67,24,495
144,329,24,359
420,125,24,438
141,277,24,310
218,173,24,278
540,286,24,611
283,131,24,311
708,93,24,714
659,54,24,661
113,70,24,132
78,24,24,81
26,5,24,26
395,53,24,398
699,381,24,796
84,424,24,432
330,75,24,338
197,161,24,254
414,82,24,422
232,282,24,365
12,153,24,153
511,281,24,583
922,210,24,945
335,187,24,383
416,343,24,539
289,233,24,371
296,96,24,311
449,136,24,469
252,537,24,593
247,173,24,301
607,33,24,607
233,38,24,236
284,267,24,389
353,40,24,355
31,309,24,310
283,25,24,284
128,69,24,145
542,329,24,634
248,380,24,453
130,39,24,135
115,5,24,115
51,5,24,51
538,44,24,539
266,12,24,266
419,269,24,497
498,15,24,498
179,47,24,185
44,525,24,526
30,92,24,96
19,80,24,82
282,305,24,415
178,40,24,182
355,39,24,357
212,62,24,220
105,183,24,210
583,325,24,667
216,294,24,364
277,325,24,427
215,430,24,480
362,55,24,366
31,369,24,370
195,92,24,215
464,72,24,469
788,230,24,820
917,116,24,924
506,346,24,612
74,45,24,86
143,127,24,191
85,115,24,143
318,45,24,321
616,261,24,669
934,109,24,940
253,57,24,259
2,4,24,4
26,50,24,56
795,349,24,868
328,412,24,526
728,203,24,755
11,5,24,12
359,18,24,359
155,52,24,163
208,62,24,217
98,141,24,171
277,208,24,346
519,152,24,540
235,115,24,261
694,313,24,761
288,266,24,392
425,194,24,467
376,155,24,406
392,450,24,596
50,18,24,53
76,227,24,239
330,40,24,332
280,98,24,296
90,290,24,303
216,21,24,217
162,251,24,298
857,320,24,914
581,150,24,600
79,47,24,91
239,94,24,256
689,108,24,697
754,234,24,789
395,94,24,406
477,41,24,478
6,2,25,6
623,263,25,676
2,52,25,52
186,253,25,314
648,23,25,648
117,66,25,134
531,30,25,531
158,177,25,237
1139,62,25,1140
160,55,25,169
154,28,25,156
544,102,25,553
612,8,25,612
465,194,25,503
1095,382,25,1159
39,216,25,219
59,68,25,90
616,4,25,616
848,233,25,879
111,48,25,120
762,66,25,764
282,58,25,287
662,173,25,684
3,11,25,11
202,189,25,276
654,50,25,655
928,242,25,959
841,93,25,846
368,133,25,391
236,298,25,380
414,329,25,528
374,97,25,386
8,19,25,20
338,20,25,338
498,80,25,504
411,27,25,411
397,196,25,442
399,51,25,402
700,63,25,702
202,334,25,390
58,107,25,121
202,463,25,505
584,166,25,607
454,127,25,471
717,276,25,768
486,204,25,527
740,291,25,795
127,85,25,152
309,40,25,311
67,80,25,104
249,139,25,285
275,157,25,316
677,298,25,739
335,205,25,392
37,102,25,108
512,18,25,512
363,55,25,367
3,154,25,154
54,297,25,301
202,334,25,390
151,284,25,321
423,116,25,438
501,461,25,680
326,235,25,401
169,137,25,217
301,122,25,324
470,78,25,476
542,32,25,542
523,122,25,537
305,115,25,325
107,61,25,123
469,61,25,472
77,456,25,462
407,27,25,407
90,76,25,117
109,3,25,109
701,331,25,775
61,3,25,61
534,159,25,557
590,162,25,611
72,397,25,403
716,72,25,719
18,16,25,24
883,5,25,883
49,175,25,181
759,152,25,774
1011,1,25,1011
428,81,25,435
294,71,25,302
906,22,25,906
35,383,25,384
999,187,25,1016
248,165,25,297
334,107,25,350
1034,101,25,1038
932,152,25,944
1472,49,25,1472
335,105,25,351
17,91,25,92
237,13,25,237
193,328,25,380
229,41,25,232
59,67,25,89
287,399,25,491
471,277,25,546
561,182,25,589
85,275,25,287
540,295,25,615
387,578,25,695
166,18,25,166
413,224,25,469
8,12,25,14
1548,151,25,1555
186,52,25,193
236,138,25,273
682,342,25,762
54,21,25,57
574,10,25,574
233,153,25,278
158,174,25,235
390,120,25,408
1345,73,25,1346
310,4,25,310
218,202,25,297
509,399,25,646
414,146,25,438
260,49,25,264
429,119,25,445
487,221,25,534
824,9,25,824
122,268,25,294
231,25,25,232
517,140,25,535
35,204,25,206
172,315,25,358
344,18,25,344
1005,76,25,1007
14,408,25,408
746,58,26,748
410,287,26,500
444,71,26,449
686,118,26,696
275,228,26,357
421,190,26,461
478,97,26,487
847,11,26,847
768,25,26,768
151,134,26,201
31,235,26,237
1173,191,26,1188
499,125,26,514
639,110,26,648
434,180,26,469
123,189,26,225
263,99,26,281
467,55,26,470
456,83,26,463
1224,162,26,1234
100,101,26,142
99,64,26,117
1158,168,26,1170
480,119,26,494
45,425,26,427
1202,399,26,1266
268,150,26,307
275,22,26,275
1071,27,26,1071
79,249,26,261
457,13,26,457
733,166,26,751
1231,33,26,1231
92,240,26,257
339,56,26,343
546,216,26,587
352,157,26,385
361,87,26,371
47,1,26,47
66,232,26,241
212,45,26,216
135,67,26,150
242,344,26,420
933,248,26,965
404,360,26,541
491,94,26,499
1121,26,26,1121
986,262,26,1020
288,22,26,288
38,357,26,359
212,156,26,263
268,63,26,275
191,208,26,282
6,90,26,90
1,14,26,14
75,261,26,271
341,202,26,396
89,15,26,90
1100,209,26,1119
601,109,26,610
330,184,26,377
134,8,26,134
258,67,26,266
300,295,26,420
416,237,26,478
862,85,26,866
139,168,26,218
266,25,26,267
67,129,26,145
423,104,26,435
887,40,26,887
617,34,26,617
13,354,26,354
592,112,26,602
169,64,26,180
148,177,26,230
424,239,26,486
365,35,26,366
841,192,26,862
81,63,26,102
538,313,26,622
611,67,26,614
510,123,26,524
426,258,26,498
442,47,26,444
217,38,26,220
447,119,26,462
547,87,26,553
618,353,26,711
610,27,26,610
25,16,26,29
353,333,26,485
721,157,26,737
250,624,26,672
128,21,26,129
371,32,26,372
633,31,26,633
232,139,26,270
45,294,26,297
448,226,26,501
792,329,26,857
87,15,26,88
140,217,26,258
231,311,26,387
257,446,26,514
22,218,26,219
87,11,26,87
589,247,26,638
1322,526,26,1422
365,32,26,366
243,198,26,313
9,186,26,186
454,4,26,454
291,142,26,323
213,4,26,213
128,101,26,163
66,296,26,303
17,13,26,21
109,27,26,112
927,18,26,927
248,139,26,284
622,255,26,672
197,64,26,207
640,34,26,640
24,29,26,37
483,66,26,487
441,7,26,441
285,47,26,288
407,372,26,551
391,201,26,439
668,108,26,676
739,250,26,780
350,256,26,433
350,80,26,359
206,125,26,240
806,260,26,846
703,109,26,711
318,261,26,411
678,574,26,888
276,94,26,291
735,176,26,755
282,350,26,449
31,145,26,148
341,127,26,363
71,121,26,140
793,162,27,809
232,126,27,264
144,103,27,177
206,2,27,206
544,27,27,544
391,55,27,394
38,166,27,170
489,127,27,505
996,227,27,1021
931,11,27,931
422,94,27,432
984,340,27,1041
62,133,27,146
694,375,27,788
630,156,27,649
172,0,27,172
46,8,27,46
1317,206,27,1333
95,192,27,214
204,126,27,239
457,27,27,457
701,328,27,773
41,159,27,164
222,154,27,270
896,64,27,898
4,4,27,5
86,48,27,98
615,89,27,621
265,185,27,323
275,183,27,330
214,152,27,262
563,163,27,586
539,44,27,540
85,100,27,131
190,457,27,494
1047,331,27,1098
538,22,27,538
8,1,27,8
687,140,27,701
165,65,27,177
305,325,27,445
319,564,27,647
444,42,27,445
467,77,27,473
78,51,27,93
234,200,27,307
1209,125,27,1215
525,308,27,608
403,83,27,411
469,298,27,555
481,21,27,481
420,228,27,477
926,366,27,995
451,138,27,471
497,68,27,501
527,40,27,528
143,335,27,364
391,174,27,427
1290,447,27,1365
224,131,27,259
513,142,27,532
486,220,27,533
604,127,27,617
648,51,27,650
49,225,27,230
547,224,27,591
250,16,27,250
536,248,27,590
288,23,27,288
366,160,27,399
1275,81,27,1277
355,205,27,409
1003,52,27,1004
633,326,27,712
600,234,27,644
755,194,27,779
436,426,27,609
253,225,27,338
159,75,27,175
460,61,27,464
212,56,27,219
309,80,27,319
210,214,27,299
651,166,27,671
740,268,27,787
451,97,27,461
536,77,27,541
243,194,27,310
969,372,27,1037
523,453,27,691
286,250,27,379
297,656,27,720
199,145,27,246
245,128,27,276
182,244,27,304
434,239,27,495
30,310,27,311
194,196,27,275
482,90,27,490
899,4,27,899
3,310,27,310
630,601,27,870
488,262,27,553
216,414,27,466
318,67,27,324
394,69,27,399
211,357,27,414
16,6,27,17
802,278,27,848
840,180,27,859
399,250,27,470
262,98,27,279
1447,10,27,1447
201,104,27,226
617,32,27,617
136,146,27,199
145,210,27,255
445,22,27,445
426,114,27,440
334,281,27,436
17,691,27,691
50,13,27,51
93,183,27,205
51,230,27,235
581,103,27,590
975,29,27,975
102,95,27,139
256,3,27,256
705,86,27,710
564,6,27,564
459,295,27,545
169,149,27,225
269,308,27,408
472,217,27,519
153,237,27,282
136,22,27,137
166,127,27,209
619,11,27,619
856,160,27,870
119,309,27,331
299,220,27,371
231,268,27,353
442,312,27,541
442,102,27,453
6,63,27,63
387,138,27,410
731,20,27,731
813,12,27,813
176,375,27,414
431,264,27,505
361,54,27,365
130,175,27,218
468,144,27,489
192,114,27,223
147,224,27,267
50,168,27,175
255,456,27,522
756,383,27,847
193,61,27,202
610,53,27,612
315,110,27,333
150,101,27,180
710,526,27,883
31,198,27,200
871,42,27,872
515,273,27,582
714,53,27,715
17,15,27,22
353,85,27,363
679,204,27,708
89,165,27,187
375,90,27,385
292,117,27,314
448,6,27,448
206,99,27,228
167,259,27,308
1006,491,27,1119
116,146,27,186
187,84,27,205
672,347,27,756
340,186,28,387
900,7,28,900
278,512,28,582
120,9,28,120
762,221,28,793
259,279,28,380
167,72,28,181
760,387,28,852
473,56,28,476
667,552,28,865
91,12,28,91
135,195,28,237
13,379,28,379
573,11,28,573
632,98,28,639
198,149,28,247
161,159,28,226
221,246,28,330
566,124,28,579
50,173,28,180
704,59,28,706
473,125,28,489
285,150,28,322
956,370,28,1025
343,43,28,345
1188,21,28,1188
355,214,28,414
376,451,28,587
924,26,28,924
287,380,28,476
166,182,28,246
368,67,28,374
504,134,28,521
173,159,28,234
267,49,28,271
343,0,28,343
76,66,28,100
504,229,28,553
612,230,28,653
88,197,28,215
134,202,28,242
342,145,28,371
528,307,28,610
227,284,28,363
97,6,28,97
1447,114,28,1451
482,8,28,482
450,216,28,499
29,552,28,552
213,326,28,389
188,160,28,246
1380,94,28,1383
328,185,28,376
940,379,28,1013
227,47,28,231
51,53,28,73
180,207,28,274
549,5,28,549
508,227,28,556
667,152,28,684
321,311,28,446
447,230,28,502
219,145,28,262
770,12,28,770
702,126,28,713
387,694,28,794
212,208,28,296
184,112,28,215
50,231,28,236
116,46,28,124
470,265,28,539
86,103,28,134
890,257,28,926
40,7,28,40
26,5,28,26
336,398,28,520
255,125,28,283
311,43,28,313
354,208,28,410
229,242,28,333
1,212,28,212
372,139,28,397
699,96,28,705
110,30,28,114
239,154,28,284
461,352,28,580
1041,34,28,1041
594,316,28,672
702,61,28,704
672,61,28,674
236,126,28,267
617,197,28,647
664,32,28,664
634,39,28,635
263,62,28,270
173,75,28,188
592,47,28,593
629,530,28,822
172,188,28,254
62,152,28,164
922,279,28,963
41,123,28,129
524,165,28,549
602,2,28,602
417,76,28,423
1263,71,28,1264
1062,58,28,1063
135,321,28,348
928,130,28,937
459,271,28,533
369,313,28,483
11,185,28,185
1128,376,28,1189
205,52,28,211
872,109,28,878
675,106,28,683
583,117,28,594
383,7,28,383
92,207,28,226
820,207,28,845
96,9,28,96
707,163,28,725
55,94,28,108
347,191,28,396
732,27,28,732
326,207,28,386
188,123,28,224
151,12,28,151
390,267,28,472
290,24,28,290
418,57,28,421
290,116,28,312
292,46,28,295
112,274,28,296
665,401,28,776
589,244,28,637
188,18,28,188
143,20,28,144
350,280,28,448
945,74,28,947
728,170,28,747
274,177,28,326
740,149,28,754
74,304,28,312
306,44,28,309
37,253,28,255
752,54,28,753
883,331,28,943
142,193,28,239
484,166,28,511
181,28,28,183
427,349,28,551
630,29,28,630
752,14,28,752
57,66,28,87
554,264,28,613
113,188,28,219
82,252,28,265
88,91,28,126
350,161,28,385
449,173,28,481
376,92,28,387
798,50,28,799
166,96,28,191
133,171,28,216
876,52,28,877
408,188,28,449
328,118,28,348
325,536,28,626
122,46,29,130
304,23,29,304
358,110,29,374
1071,0,29,1071
508,370,29,628
693,189,29,718
284,323,29,430
500,114,29,512
696,105,29,703
387,79,29,394
382,7,29,382
326,352,29,479
387,418,29,569
466,243,29,525
551,380,29,669
449,158,29,475
678,94,29,684
700,196,29,726
795,178,29,814
514,197,29,550
55,81,29,97
364,227,29,428
451,360,29,577
348,66,29,354
177,95,29,200
1009,454,29,1106
1073,635,29,1246
621,295,29,687
597,299,29,667
900,167,29,915
633,224,29,671
566,81,29,571
744,131,29,755
927,175,29,943
344,261,29,431
77,158,29,175
481,284,29,558
96,175,29,199
282,348,29,447
361,149,29,390
298,170,29,343
0,83,29,83
254,47,29,258
80,26,29,84
360,96,29,372
987,123,29,994
734,185,29,756
108,54,29,120
24,419,29,419
203,21,29,204
532,44,29,533
634,237,29,676
1373,321,29,1410
317,438,29,540
164,146,29,219
1166,105,29,1170
29,1,29,29
126,73,29,145
549,185,29,579
260,183,29,317
102,204,29,228
192,519,29,553
87,29,29,91
311,45,29,314
208,621,29,654
335,47,29,338
13,6,29,14
328,224,29,397
610,171,29,633
167,268,29,315
430,291,29,519
168,106,29,198
274,34,29,276
530,228,29,576
747,137,29,759
647,351,29,736
62,207,29,216
229,291,29,370
167,421,29,452
232,446,29,502
1055,51,29,1056
251,280,29,376
225,24,29,226
48,320,29,323
224,230,29,321
772,133,29,783
637,234,29,678
1397,493,29,1481
844,74,29,847
908,34,29,908
539,214,29,579
745,29,29,745
112,431,29,445
441,91,29,450
519,363,29,633
362,368,29,516
205,149,29,253
292,146,29,326
621,28,29,621
513,331,29,610
411,130,29,431
315,189,29,367
110,227,29,252
499,58,29,502
330,131,29,355
449,188,29,486
253,70,29,262
1842,226,29,1855
299,31,29,300
315,65,29,321
224,116,29,252
367,398,29,541
992,85,29,995
254,166,29,303
599,50,29,601
215,123,29,247
516,86,29,523
190,477,29,513
411,9,29,411
199,223,29,298
92,169,29,192
100,196,29,220
232,542,29,589
294,44,29,297
126,159,29,202
799,381,29,885
367,290,29,467
345,64,29,350
263,385,29,466
78,29,29,83
856,330,29,917
31,34,29,46
726,186,29,749
34,99,29,104
762,126,29,772
182,56,29,190
1114,33,29,1114
194,406,29,449
373,170,29,409
312,126,29,336
603,105,29,612
82,114,29,140
59,270,29,276
1258,465,29,1341
543,250,29,597
125,195,29,231
339,212,29,399
1486,154,29,1493
114,108,29,157
680,53,29,682
1321,261,29,1346
906,87,29,910
175,183,29,253
193,199,29,277
10,314,29,314
801,69,29,803
102,100,30,142
1160,22,30,1160
260,185,30,319
506,80,30,512
11,301,30,301
1205,513,30,1309
675,65,30,678
134,183,30,226
912,394,30,993
1401,353,30,1444
210,167,30,268
554,237,30,602
30,352,30,353
333,34,30,334
593,195,30,624
145,14,30,145
48,103,30,113
958,54,30,959
369,43,30,371
66,578,30,581
406,106,30,419
912,601,30,1092
738,99,30,744
529,223,30,574
649,246,30,694
980,590,30,1143
455,387,30,597
817,136,30,828
767,83,30,771
36,177,30,180
230,6,30,230
712,210,30,742
168,21,30,169
391,411,30,567
172,20,30,173
312,241,30,394
652,58,30,654
542,81,30,548
524,500,30,724
161,69,30,175
22,403,30,403
482,3,30,482
527,309,30,610
283,191,30,341
391,202,30,440
599,69,30,602
1061,198,30,1079
453,26,30,453
298,221,30,371
911,115,30,918
914,62,30,916
365,64,30,370
383,171,30,419
712,151,30,727
344,91,30,355
733,310,30,795
500,62,30,503
550,192,30,582
303,251,30,393
332,178,30,376
807,226,30,838
324,4,30,324
1814,31,30,1814
517,164,30,542
1083,291,30,1121
324,93,30,337
390,180,30,429
438,182,30,474
525,1,30,525
708,56,30,710
558,349,30,658
366,663,30,757
378,176,30,416
43,59,30,73
328,77,30,336
230,170,30,286
210,197,30,287
348,514,30,620
268,59,30,274
237,5,30,237
334,9,30,334
304,337,30,453
280,9,30,280
1030,204,30,1050
572,181,30,599
474,130,30,491
69,451,30,456
507,100,30,516
565,99,30,573
44,113,30,121
900,212,30,924
309,37,30,311
496,212,30,539
93,402,30,412
314,30,30,315
16,8,30,17
174,262,30,314
658,47,30,659
63,11,30,63
921,22,30,921
327,24,30,327
324,235,30,400
540,89,30,547
19,305,30,305
363,185,30,407
526,63,30,529
189,585,30,614
604,245,30,651
184,305,30,356
411,29,30,412
607,59,30,609
372,76,30,379
28,7,30,28
563,159,30,585
17,412,30,412
1157,95,30,1160
243,27,30,244
154,384,30,413
778,89,30,783
298,70,30,306
191,6,30,191
292,65,30,299
1149,80,30,1151
406,291,30,499
357,77,30,365
810,517,30,960
781,258,30,822
990,64,30,992
427,55,30,430
256,102,30,275
309,71,30,317
193,87,30,211
172,388,30,424
678,194,30,705
665,96,30,671
717,340,30,793
937,82,30,940
157,70,30,171
85,32,30,90
728,25,30,728
688,281,30,743
47,140,30,147
388,267,30,470
52,167,30,174
79,80,30,112
241,318,30,399
125,258,30,286
265,267,30,376
420,418,30,592
321,164,30,360
149,76,30,167
37,9,30,38
288,64,30,295
791,405,30,888
77,114,30,137
285,166,30,329
8,0,30,8
159,19,30,160
174,127,30,215
692,152,30,708
119,153,30,193
119,125,30,172
1348,354,30,1393
109,158,30,191
528,95,30,536
222,102,30,244
509,303,30,592
15,89,30,90
616,28,30,616
1134,720,30,1343
396,172,30,431
340,289,30,446
723,90,30,728
182,279,30,333
279,487,30,561
814,146,30,826
366,288,30,465
794,327,30,858
205,329,30,387
31,30,30,43
328,73,30,336
237,329,30,405
592,93,31,599
720,277,31,771
70,33,31,77
67,571,31,574
767,13,31,767
950,396,31,1029
602,384,31,714
481,220,31,528
1023,582,31,1176
401,455,31,606
524,98,31,533
537,353,31,642
330,304,31,448
1499,105,31,1502
1028,266,31,1061
528,92,31,535
77,241,31,253
467,203,31,509
341,409,31,532
232,151,31,276
491,211,31,534
146,158,31,215
107,10,31,107
642,248,31,688
532,131,31,547
111,212,31,239
778,185,31,799
82,264,31,276
1289,435,31,1360
231,207,31,310
634,31,31,634
245,153,31,288
995,367,31,1060
801,269,31,844
735,135,31,747
430,177,31,465
206,9,31,206
488,451,31,664
861,80,31,864
370,56,31,374
36,329,31,330
423,203,31,469
359,31,31,360
477,107,31,488
540,214,31,580
457,317,31,556
735,139,31,748
513,141,31,532
280,52,31,284
21,27,31,34
152,303,31,338
800,20,31,800
226,94,31,244
605,362,31,705
465,94,31,474
609,427,31,743
292,112,31,312
134,172,31,218
102,346,31,360
267,168,31,315
413,54,31,416
331,6,31,331
1052,143,31,1061
896,337,31,957
728,197,31,754
338,166,31,376
758,177,31,778
602,190,31,631
24,230,31,231
500,7,31,500
1370,394,31,1425
341,143,31,369
228,83,31,242
199,31,31,201
677,235,31,716
1175,76,31,1177
1065,89,31,1068
639,420,31,764
345,29,31,346
205,173,31,268
1075,445,31,1163
79,384,31,392
359,235,31,429
240,231,31,333
325,211,31,387
523,101,31,532
514,315,31,602
227,231,31,323
798,552,31,970
657,281,31,714
226,123,31,257
46,231,31,235
508,45,31,509
862,256,31,899
480,146,31,501
481,299,31,566
378,75,31,385
384,100,31,396
351,261,31,437
593,426,31,730
514,299,31,594
518,180,31,548
442,397,31,594
1007,208,31,1028
243,481,31,538
1429,358,31,1473
456,203,31,499
313,29,31,314
384,155,31,414
694,240,31,734
161,176,31,238
476,31,31,477
576,216,31,615
639,126,31,651
495,127,31,511
1095,48,31,1096
683,40,31,684
592,104,31,601
14,363,31,363
305,330,31,449
767,90,31,772
722,568,31,918
54,540,31,542
1392,441,31,1460
41,295,31,297
437,71,31,442
380,63,31,385
335,3,31,335
174,30,31,176
534,395,31,664
219,409,31,463
1237,308,31,1274
526,121,31,539
98,139,31,170
244,72,31,254
693,101,31,700
59,207,31,215
321,334,31,463
1011,184,31,1027
267,147,31,304
183,678,31,702
307,34,31,308
520,267,31,584
711,363,31,798
886,329,31,945
202,134,31,242
433,171,31,465
745,439,31,864
565,436,31,713
374,33,31,375
767,366,31,849
464,183,31,498
296,42,31,298
285,61,31,291
165,363,31,398
674,35,31,674
553,298,31,628
329,264,31,421
377,77,31,384
1466,6,31,1466
22,255,31,255
93,2,31,93
1436,37,31,1436
857,237,31,889
147,105,31,180
509,713,31,876
281,68,31,289
254,132,31,286
501,212,31,544
1001,66,31,1003
302,77,31,311
288,119,31,311
783,35,31,783
292,56,31,297
157,55,32,166
712,34,32,712
671,348,32,755
738,94,32,743
562,145,32,580
722,76,32,725
71,247,32,257
316,277,32,420
323,77,32,332
8,241,32,241
813,216,32,841
845,161,32,860
89,28,32,93
747,364,32,830
363,71,32,369
846,43,32,847
411,107,32,424
426,8,32,426
284,287,32,403
573,158,32,594
366,82,32,375
249,95,32,266
195,44,32,199
1206,333,32,1251
498,84,32,505
172,19,32,173
152,516,32,537
373,59,32,377
1007,338,32,1062
831,454,32,946
18,210,32,210
775,72,32,778
805,210,32,831
384,300,32,487
576,25,32,576
810,509,32,956
28,53,32,59
1931,515,32,1998
546,220,32,588
657,214,32,690
322,67,32,328
184,157,32,241
398,163,32,430
845,53,32,846
130,354,32,377
5,374,32,374
631,120,32,642
186,66,32,197
668,371,32,764
1063,336,32,1114
210,118,32,240
247,340,32,420
65,210,32,219
554,75,32,559
1033,20,32,1033
752,207,32,779
209,298,32,363
3,7,32,7
859,98,32,864
72,165,32,180
168,105,32,198
817,146,32,829
737,11,32,737
289,334,32,441
191,260,32,322
178,102,32,205
296,106,32,314
434,226,32,489
699,84,32,704
1361,103,32,1364
476,408,32,626
761,20,32,761
714,52,32,715
679,136,32,692
5,15,32,15
1446,351,32,1487
839,86,32,843
461,293,32,546
654,37,32,655
281,86,32,293
935,1,32,935
213,293,32,362
373,618,32,721
6,214,32,214
510,151,32,531
19,69,32,71
726,256,32,769
1,102,32,102
251,240,32,347
885,413,32,976
268,52,32,272
196,278,32,340
271,259,32,374
205,283,32,349
909,23,32,909
638,10,32,638
761,310,32,821
711,320,32,779
537,117,32,549
491,372,32,616
488,190,32,523
440,72,32,445
172,26,32,173
467,465,32,659
227,305,32,380
950,190,32,968
343,226,32,410
587,182,32,614
934,133,32,943
787,358,32,864
422,168,32,454
868,131,32,877
243,404,32,471
595,63,32,598
293,453,32,539
594,140,32,610
396,267,32,477
1631,347,32,1667
572,132,32,587
1185,204,32,1202
1118,72,32,1120
48,242,32,246
569,294,32,640
734,22,32,734
44,197,32,201
391,20,32,391
462,266,32,533
122,603,32,615
472,58,32,475
248,254,32,354
446,59,32,449
943,16,32,943
337,51,32,340
294,188,32,348
171,47,32,177
23,33,32,40
546,285,32,615
284,336,32,439
570,3,32,570
362,270,32,451
77,115,32,138
311,114,32,331
85,170,32,190
105,156,32,188
77,8,32,77
569,217,32,608
418,87,32,426
903,18,32,903
612,68,32,615
97,278,32,294
747,202,32,773
300,5,32,300
301,162,32,341
200,342,32,396
489,121,32,503
490,213,32,534
20,206,32,206
449,26,32,449
889,94,32,893
70,107,32,127
585,57,32,587
891,130,32,900
1174,539,32,1291
3,5,32,5
22,334,32,334
585,187,32,614
138,202,32,244
473,131,32,490
853,393,32,939
473,93,32,482
591,317,32,670
615,536,32,815
636,299,32,702
678,44,32,679
510,36,32,511
129,227,32,261
12,623,33,623
761,210,33,789
737,65,33,739
193,122,33,228
1511,90,33,1513
783,105,33,790
305,268,33,406
5,360,33,360
43,266,33,269
492,292,33,572
308,110,33,327
1261,12,33,1261
692,63,33,694
591,51,33,593
405,152,33,432
649,110,33,658
712,332,33,785
639,59,33,641
716,198,33,742
872,183,33,890
15,13,33,19
438,10,33,438
300,24,33,300
938,203,33,959
697,16,33,697
353,275,33,447
343,66,33,349
344,86,33,354
471,150,33,494
434,380,33,576
45,200,33,205
1188,285,33,1221
477,476,33,673
270,184,33,326
55,191,33,198
719,251,33,761
554,150,33,573
255,80,33,267
774,107,33,781
795,261,33,836
90,470,33,478
431,111,33,445
1205,182,33,1218
728,144,33,742
974,195,33,993
18,499,33,499
740,115,33,748
519,419,33,667
101,463,33,473
204,386,33,436
88,323,33,334
648,164,33,668
691,119,33,701
446,34,33,447
557,37,33,558
522,18,33,522
298,28,33,299
538,12,33,538
33,187,33,189
1109,191,33,1125
454,182,33,489
483,122,33,498
219,148,33,264
730,59,33,732
506,29,33,506
307,389,33,495
554,58,33,557
320,222,33,389
779,271,33,824
541,62,33,544
1421,397,33,1475
507,180,33,538
999,380,33,1068
364,228,33,429
345,80,33,354
302,168,33,345
532,192,33,565
543,197,33,577
191,237,33,304
508,46,33,510
351,197,33,402
606,174,33,630
26,229,33,230
149,230,33,274
701,296,33,760
498,20,33,498
1069,449,33,1159
70,176,33,189
14,348,33,348
17,106,33,107
156,208,33,260
82,428,33,435
579,516,33,775
17,194,33,194
403,140,33,426
262,44,33,265
180,180,33,254
69,0,33,69
692,487,33,846
134,193,33,234
290,401,33,494
156,28,33,158
223,358,33,421
1650,313,33,1679
205,241,33,316
528,517,33,738
933,69,33,935
148,544,33,563
559,33,33,559
609,125,33,621
789,269,33,833
274,102,33,292
333,22,33,333
497,12,33,497
796,83,33,800
758,228,33,791
630,583,33,858
641,19,33,641
875,99,33,880
1536,75,33,1537
403,218,33,458
658,241,33,700
869,468,33,987
1098,259,33,1128
545,244,33,597
36,194,33,197
576,114,33,587
609,68,33,612
124,109,33,165
301,691,33,753
905,174,33,921
82,52,33,97
627,122,33,638
389,308,33,496
967,27,33,967
694,7,33,694
343,143,33,371
627,124,33,639
105,47,33,115
292,137,33,322
290,47,33,293
260,98,33,277
392,150,33,419
167,57,33,176
680,388,33,782
142,247,33,284
204,96,33,225
664,19,33,664
1053,48,33,1054
827,257,33,866
1128,353,33,1181
570,115,33,581
662,270,33,714
1136,307,33,1176
48,349,33,352
256,13,33,256
245,238,33,341
520,201,33,557
172,364,33,402
485,288,33,564
246,132,33,279
424,76,33,430
511,20,33,511
852,554,33,1016
728,87,33,733
566,4,33,566
508,269,33,574
186,21,33,187
865,1,33,865
307,61,33,313
518,666,33,843
294,240,33,379
410,8,33,410
1153,51,33,1154
401,121,33,418
242,544,33,595
874,12,33,874
1131,320,33,1175
155,86,33,177
132,126,33,182
681,368,33,774
202,163,33,259
10,412,33,412
982,582,33,1141
148,102,33,179
362,390,33,532
779,98,34,785
577,3,34,577
395,56,34,398
1516,119,34,1520
91,45,34,101
532,66,34,536
7,11,34,13
676,63,34,678
778,385,34,868
336,175,34,378
530,356,34,638
428,156,34,455
218,30,34,220
59,420,34,424
342,469,34,580
104,220,34,243
153,249,34,292
169,51,34,176
392,19,34,392
407,120,34,424
551,122,34,564
62,179,34,189
895,110,34,901
419,421,34,593
572,158,34,593
239,130,34,272
406,218,34,460
291,293,34,412
46,230,34,234
8,151,34,151
272,8,34,272
95,259,34,275
428,347,34,550
345,161,34,380
212,401,34,453
997,42,34,997
284,64,34,291
37,109,34,115
1325,19,34,1325
462,55,34,465
407,20,34,407
897,62,34,899
634,323,34,711
427,68,34,432
1239,217,34,1257
316,17,34,316
70,191,34,203
466,407,34,618
830,222,34,859
291,345,34,451
674,460,34,816
617,287,34,680
163,63,34,174
414,147,34,439
533,249,34,588
714,10,34,714
332,112,34,350
693,181,34,716
158,159,34,224
4,316,34,316
172,211,34,272
1329,91,34,1332
887,278,34,929
228,347,34,415
808,280,34,855
229,124,34,260
635,198,34,665
825,544,34,988
666,361,34,757
193,228,34,298
1002,318,34,1051
954,31,34,954
298,74,34,307
334,70,34,341
1161,15,34,1161
68,34,34,76
567,344,34,663
825,201,34,849
295,68,34,302
144,54,34,153
274,135,34,305
1003,147,34,1013
384,155,34,414
279,104,34,297
898,42,34,898
614,61,34,617
457,52,34,459
908,287,34,952
2,580,34,580
682,589,34,901
436,43,34,438
95,120,34,153
322,1,34,322
364,385,34,529
1099,218,34,1120
462,252,34,526
1095,56,34,1096
518,273,34,585
207,209,34,294
714,492,34,867
1408,414,34,1467
174,336,34,378
360,466,34,588
672,212,34,704
108,348,34,364
288,358,34,459
784,65,34,786
3,86,34,86
957,186,34,974
1016,18,34,1016
780,446,34,898
70,256,34,265
712,95,34,718
161,126,34,204
534,366,34,647
414,122,34,431
436,249,34,502
30,319,34,320
218,63,34,226
103,84,34,132
502,58,34,505
351,373,34,512
397,83,34,405
111,355,34,371
704,379,34,799
147,203,34,250
14,0,34,14
783,272,34,828
770,67,34,772
176,132,34,220
371,214,34,428
418,253,34,488
407,74,34,413
615,274,34,673
120,380,34,398
731,111,34,739
69,313,34,320
90,367,34,377
444,96,34,454
951,9,34,951
557,52,34,559
436,194,34,477
596,147,34,613
369,437,34,571
911,195,34,931
1046,88,34,1049
566,124,34,579
208,490,34,532
294,128,34,320
318,206,34,378
362,189,34,408
339,69,34,345
252,271,34,370
225,172,34,283
14,9,34,16
627,225,34,666
470,9,34,470
493,289,34,571
43,264,34,267
425,442,34,613
185,74,34,199
840,159,34,854
245,221,34,329
13,348,34,348
1118,49,34,1119
734,72,34,737
149,89,34,173
1236,69,34,1237
146,152,34,210
462,489,34,672
609,46,34,610
671,464,34,815
593,405,34,718
962,439,34,1057
723,185,34,746
495,427,34,653
678,381,34,777
211,94,34,230
173,33,34,176
1101,230,34,1124
504,74,34,509
39,258,34,260
84,182,35,200
170,77,35,186
487,25,35,487
294,205,35,358
757,70,35,760
483,276,35,556
696,182,35,719
930,256,35,964
860,125,35,869
372,65,35,377
1124,32,35,1124
911,204,35,933
1017,143,35,1027
74,32,35,80
346,210,35,404
210,598,35,633
981,70,35,983
545,157,35,567
1021,160,35,1033
88,250,35,265
399,324,35,513
433,400,35,589
601,104,35,609
277,126,35,304
455,167,35,484
974,136,35,983
236,306,35,386
303,339,35,454
325,54,35,329
691,83,35,695
2,9,35,9
1217,128,35,1223
10,521,35,521
214,277,35,350
596,358,35,695
141,295,35,326
308,352,35,467
312,243,35,395
825,384,35,909
356,28,35,357
918,37,35,918
371,119,35,389
703,99,35,709
288,28,35,289
566,17,35,566
571,422,35,710
1033,133,35,1041
757,422,35,866
25,411,35,411
63,95,35,113
132,241,35,274
779,82,35,783
302,288,35,417
1095,674,35,1285
422,278,35,505
578,59,35,581
130,235,35,268
509,226,35,556
271,253,35,370
420,174,35,454
432,575,35,719
537,210,35,576
757,80,35,761
211,102,35,234
658,154,35,675
179,218,35,282
101,86,35,132
934,71,35,936
211,323,35,385
74,211,35,223
502,81,35,508
270,276,35,386
319,183,35,367
1482,520,35,1570
522,65,35,526
654,187,35,680
55,489,35,492
567,380,35,682
284,398,35,488
354,259,35,438
213,58,35,220
987,128,35,995
809,313,35,867
1636,339,35,1670
1006,285,35,1045
899,643,35,1105
591,45,35,592
866,251,35,901
476,175,35,507
276,195,35,337
174,76,35,189
700,188,35,724
1170,141,35,1178
218,52,35,224
213,193,35,287
334,305,35,452
392,216,35,447
167,152,35,225
493,41,35,494
715,53,35,716
829,179,35,848
288,90,35,301
193,40,35,197
391,231,35,454
290,429,35,517
686,326,35,759
281,137,35,312
260,235,35,350
99,238,35,257
251,120,35,278
609,333,35,694
110,297,35,316
360,75,35,367
241,93,35,258
885,27,35,885
491,258,35,554
732,31,35,732
568,145,35,586
3,686,35,686
923,352,35,987
191,228,35,297
458,93,35,467
1075,295,35,1114
266,588,35,645
698,197,35,725
269,43,35,272
956,247,35,987
241,47,35,245
693,333,35,768
11,14,35,17
233,6,35,233
375,82,35,383
415,233,35,475
1603,520,35,1685
710,160,35,727
330,172,35,372
536,325,35,626
285,191,35,343
409,361,35,545
364,452,35,580
309,103,35,325
584,212,35,621
906,227,35,934
149,152,35,212
458,209,35,503
593,164,35,615
878,57,35,879
246,390,35,461
291,292,35,412
423,39,35,424
50,179,35,185
314,160,35,352
394,282,35,484
408,99,35,419
638,168,35,659
433,134,35,453
890,54,35,891
77,226,35,238
2,32,35,32
690,229,35,727
843,28,35,843
689,42,35,690
179,98,35,204
855,154,35,868
14,12,35,18
714,79,35,718
660,320,35,733
521,200,35,558
190,191,35,269
577,316,35,657
161,246,35,294
287,270,35,394
264,351,35,439
475,133,35,493
249,62,35,256
151,207,35,256
48,410,35,412
702,215,35,734
12,340,35,340
125,13,35,125
436,178,35,470
374,30,35,375
349,87,35,359
752,285,35,804
836,71,35,839
441,136,36,461
544,210,36,583
695,141,36,709
834,196,36,856
510,235,36,561
1456,280,36,1482
501,60,36,504
394,210,36,446
21,510,36,510
248,417,36,485
9,12,36,15
649,174,36,671
165,74,36,180
644,159,36,663
76,50,36,90
904,342,36,966
837,25,36,837
70,451,36,456
1266,447,36,1342
509,262,36,572
65,13,36,66
275,52,36,279
605,40,36,606
201,74,36,214
456,304,36,548
108,257,36,278
930,75,36,933
609,391,36,723
210,418,36,467
51,218,36,223
388,206,36,439
452,108,36,464
856,69,36,858
1151,22,36,1151
70,360,36,366
872,28,36,872
90,145,36,170
60,73,36,94
265,101,36,283
713,48,36,714
34,552,36,553
894,5,36,894
84,272,36,284
226,503,36,551
345,304,36,459
798,246,36,835
292,550,36,622
610,51,36,612
494,215,36,538
333,87,36,344
113,256,36,279
476,554,36,730
1731,91,36,1733
255,105,36,275
362,468,36,591
347,35,36,348
417,495,36,647
796,466,36,922
392,450,36,596
423,95,36,433
264,326,36,419
826,208,36,851
1122,521,36,1237
543,446,36,702
1083,272,36,1116
1146,412,36,1217
1134,216,36,1154
671,233,36,710
418,265,36,494
1176,268,36,1206
820,498,36,959
631,235,36,673
202,118,36,233
48,59,36,76
693,68,36,696
329,144,36,359
398,27,36,398
561,106,36,570
292,3,36,292
798,127,36,808
694,106,36,702
222,138,36,261
234,95,36,252
124,206,36,240
442,169,36,473
1177,266,36,1206
503,270,36,570
1165,302,36,1203
521,201,36,558
1060,251,36,1089
130,346,36,369
876,66,36,878
16,394,36,394
1300,105,36,1304
263,127,36,292
1143,8,36,1143
1015,85,36,1018
717,144,36,731
434,48,36,436
742,458,36,871
680,44,36,681
588,37,36,589
352,89,36,363
450,213,36,497
554,63,36,557
518,60,36,521
161,143,36,215
179,359,36,401
577,109,36,587
616,227,36,656
96,101,36,139
855,136,36,865
114,76,36,137
1348,387,36,1402
1010,432,36,1098
237,200,36,310
176,15,36,176
820,107,36,826
6,1,36,6
366,537,36,649
71,99,36,121
853,458,36,968
411,215,36,463
501,233,36,552
166,365,36,400
579,82,36,584
18,109,36,110
158,113,36,194
568,24,36,568
508,83,36,514
257,5,36,257
96,198,36,220
1027,182,36,1043
821,104,36,827
665,90,36,671
480,9,36,480
493,141,36,512
473,325,36,573
51,87,36,100
323,93,37,336
211,227,37,309
43,201,37,205
332,351,37,483
239,418,37,481
802,350,37,875
86,107,37,137
434,222,37,487
398,292,37,493
404,82,37,412
260,364,37,447
105,281,37,299
833,361,37,907
373,17,37,373
346,258,37,431
681,86,37,686
230,312,37,387
161,362,37,396
365,178,37,406
202,78,37,216
367,283,37,463
688,218,37,721
104,126,37,163
908,381,37,984
456,14,37,456
857,251,37,893
723,375,37,814
841,25,37,841
350,576,37,674
441,76,37,447
68,107,37,126
79,358,37,366
978,67,37,980
209,243,37,320
396,60,37,400
230,162,37,281
543,104,37,552
413,37,37,414
91,316,37,328
114,287,37,308
90,133,37,160
86,421,37,429
699,134,37,711
135,358,37,382
544,1,37,544
322,276,37,424
481,189,37,516
140,233,37,271
724,78,37,728
778,297,37,832
1109,464,37,1202
1150,186,37,1164
598,54,37,600
758,373,37,844
156,286,37,325
934,346,37,996
558,22,37,558
936,327,37,991
413,284,37,501
32,52,37,61
710,283,37,764
607,168,37,629
743,146,37,757
33,19,37,38
439,420,37,607
730,409,37,836
920,125,37,928
102,149,37,180
26,208,37,209
577,262,37,633
303,87,37,315
1046,39,37,1046
67,281,37,288
1187,274,37,1218
203,22,37,204
1265,69,37,1266
418,438,37,605
7,37,37,37
3,12,37,12
39,54,37,66
126,551,37,565
465,10,37,465
437,141,37,459
284,126,37,310
202,200,37,284
147,603,37,620
452,350,37,571
1148,43,37,1148
510,100,37,519
361,161,37,395
235,368,37,436
691,121,37,701
22,408,37,408
1014,16,37,1014
220,364,37,425
810,187,37,831
629,124,37,641
192,180,37,263
89,179,37,199
1158,245,37,1183
459,262,37,528
853,367,37,928
1266,15,37,1266
445,393,37,593
484,132,37,501
802,298,37,855
474,204,37,516
763,115,37,771
455,144,37,477
735,84,37,739
194,125,37,230
586,195,37,617
970,166,37,984
793,267,37,836
547,24,37,547
292,385,37,483
167,84,37,186
354,239,37,427
648,80,37,652
338,426,37,543
851,46,37,852
294,5,37,294
592,181,37,619
634,226,37,673
273,581,37,641
209,339,37,398
186,87,37,205
781,339,37,851
1444,190,37,1456
918,204,37,940
239,24,37,240
145,397,37,422
763,459,37,890
331,167,37,370
988,191,37,1006
935,93,37,939
439,281,37,521
771,106,37,778
879,275,37,921
190,231,37,299
92,352,37,363
475,63,37,479
476,307,37,566
261,82,37,273
752,62,37,754
376,113,37,392
1036,180,37,1051
109,355,37,371
550,158,37,572
678,209,37,709
383,326,37,502
1355,68,37,1356
446,122,37,462
165,191,37,252
234,137,37,271
280,41,37,282
100,641,37,648
386,51,37,389
537,144,37,555
342,107,37,358
358,245,37,433
758,201,37,784
17,652,37,652
552,141,37,569
800,55,37,801
202,22,38,203
482,221,38,530
85,43,38,95
983,5,38,983
834,312,38,890
260,82,38,272
688,114,38,697
595,229,38,637
910,235,38,939
975,68,38,977
400,155,38,428
1213,66,38,1214
851,212,38,877
16,129,38,129
673,289,38,732
598,252,38,648
987,370,38,1054
206,379,38,431
124,148,38,193
436,571,38,718
1027,256,38,1058
915,488,38,1037
640,27,38,640
340,67,38,346
508,6,38,508
1079,156,38,1090
738,167,38,756
692,40,38,693
223,24,38,224
896,169,38,911
468,452,38,650
15,244,38,244
413,23,38,413
646,158,38,665
678,147,38,693
537,88,38,544
303,64,38,309
846,124,38,855
1497,237,38,1515
170,107,38,200
701,350,38,783
1461,261,38,1484
937,210,38,960
395,254,38,469
265,8,38,265
589,106,38,598
831,48,38,832
76,55,38,93
501,499,38,707
88,53,38,102
481,228,38,532
700,152,38,716
1297,54,38,1298
381,134,38,403
234,262,38,351
721,531,38,895
1124,45,38,1124
250,47,38,254
520,130,38,536
54,42,38,68
54,47,38,71
337,125,38,359
413,165,38,444
691,308,38,756
835,107,38,841
626,218,38,662
359,265,38,446
571,139,38,587
387,113,38,403
45,14,38,47
392,77,38,399
566,147,38,584
796,228,38,828
879,595,38,1061
471,350,38,586
282,212,38,352
524,338,38,623
557,215,38,597
777,97,38,783
550,15,38,550
597,322,38,678
287,22,38,287
735,73,38,738
715,120,38,725
759,95,38,764
231,107,38,254
1059,215,38,1080
239,180,38,299
1099,84,38,1102
190,117,38,223
19,80,38,82
490,277,38,562
708,356,38,792
516,113,38,528
1153,38,38,1153
712,57,38,714
322,151,38,355
661,121,38,671
424,14,38,424
978,103,38,983
618,601,38,862
901,383,38,979
408,225,38,465
660,417,38,780
120,547,38,560
103,6,38,103
387,55,38,390
382,252,38,457
1482,642,38,1615
853,25,38,853
1280,217,38,1298
1546,476,38,1617
341,84,38,351
537,101,38,546
1577,237,38,1594
402,91,38,412
198,191,38,275
439,80,38,446
547,654,38,852
899,116,38,906
832,303,38,885
207,300,38,364
366,79,38,374
1011,243,38,1039
424,197,38,467
356,261,38,441
15,277,38,277
312,267,38,410
205,239,38,314
978,15,38,978
762,89,38,767
337,394,38,518
1132,183,38,1146
36,359,38,360
841,17,38,841
503,92,38,511
519,174,38,547
1416,104,38,1419
753,101,38,759
1359,247,38,1381
826,566,38,1001
1412,51,38,1412
394,115,38,410
468,147,38,490
1195,148,38,1204
60,290,39,296
874,215,39,900
1134,10,39,1134
419,28,39,419
1498,48,39,1498
699,180,39,721
243,83,39,256
100,317,39,332
563,20,39,563
738,187,39,761
410,226,39,468
975,520,39,1105
91,154,39,178
338,437,39,552
173,319,39,362
642,286,39,702
916,352,39,981
325,557,39,644
375,64,39,380
399,303,39,501
8,96,39,96
822,8,39,822
88,398,39,407
527,175,39,555
1012,206,39,1032
879,208,39,903
823,378,39,905
346,103,39,361
369,330,39,495
164,19,39,165
197,204,39,283
522,204,39,560
613,122,39,625
457,518,39,690
1168,134,39,1175
77,239,39,251
54,358,39,362
1106,299,39,1145
425,306,39,523
703,419,39,818
479,341,39,587
901,291,39,946
352,173,39,392
483,324,39,581
1213,60,39,1214
318,110,39,336
399,100,39,411
151,198,39,249
34,43,39,54
566,403,39,694
257,379,39,457
741,85,39,745
232,184,39,296
866,37,39,866
270,2,39,270
1272,24,39,1272
643,34,39,643
878,243,39,911
387,148,39,414
146,290,39,324
240,323,39,402
749,246,39,788
413,203,39,460
83,90,39,122
964,123,39,971
310,112,39,329
429,364,39,562
420,168,39,452
361,342,39,497
47,353,39,356
621,100,39,629
410,411,39,580
1004,34,39,1004
570,342,39,664
373,375,39,528
1213,310,39,1251
432,250,39,499
425,457,39,624
778,107,39,785
335,35,39,336
375,282,39,469
708,192,39,733
904,429,39,1000
767,409,39,869
556,191,39,587
210,329,39,390
131,381,39,402
279,169,39,326
636,300,39,703
435,145,39,458
1235,134,39,1242
127,209,39,244
986,66,39,988
519,183,39,550
1169,224,39,1190
64,238,39,246
176,130,39,218
1149,327,39,1194
615,146,39,632
834,333,39,898
210,77,39,223
140,350,39,376
153,445,39,470
306,172,39,351
857,243,39,890
155,327,39,361
273,24,39,274
154,368,39,398
452,14,39,452
462,33,39,463
234,230,39,328
855,224,39,883
912,295,39,958
384,346,39,516
457,251,39,521
100,222,39,243
339,463,39,573
260,273,39,377
1493,51,39,1493
362,223,39,425
1311,473,39,1393
962,15,39,962
410,30,40,411
477,370,40,603
510,238,40,562
1055,8,40,1055
469,270,40,541
671,131,40,683
635,629,40,893
935,247,40,967
291,32,40,292
204,383,40,433
198,343,40,396
931,332,40,988
517,47,40,519
721,124,40,731
258,119,40,284
1499,143,40,1505
1387,564,40,1497
776,146,40,789
489,120,40,503
172,200,40,263
419,618,40,746
587,245,40,636
259,247,40,357
748,32,40,748
66,344,40,350
829,194,40,851
339,229,40,409
314,229,40,388
94,165,40,189
1275,70,40,1276
120,252,40,279
347,142,40,374
595,29,40,595
669,121,40,679
634,38,40,635
540,66,40,544
467,284,40,546
231,149,40,274
235,40,40,238
820,193,40,842
1254,41,40,1254
318,7,40,318
1015,98,40,1019
992,248,40,1022
1190,122,40,1196
203,44,40,207
905,122,40,913
811,67,40,813
130,190,40,230
1586,588,40,1691
383,212,40,437
469,6,40,469
311,115,40,331
758,86,40,762
336,306,40,454
299,362,40,469
616,161,40,636
712,209,40,742
547,42,40,548
570,217,40,609
949,88,40,953
719,165,40,737
249,149,40,290
1230,1,40,1230
334,148,40,365
745,74,40,748
379,281,40,471
493,283,40,568
554,176,40,581
92,114,40,146
133,36,40,137
831,94,40,836
337,225,40,405
1694,220,40,1708
450,295,40,538
685,73,40,688
741,600,40,953
192,130,40,231
354,24,40,354
297,336,40,448
530,107,40,540
995,309,40,1041
430,3,40,430
320,174,40,364
1123,360,40,1179
419,118,40,435
1124,2,40,1124
185,179,40,257
1037,165,40,1050
948,142,40,958
396,209,40,447
804,241,40,839
242,37,40,244
605,253,40,655
375,332,40,500
880,304,40,931
484,186,40,518
573,132,40,588
724,471,40,863
529,261,40,589
334,69,40,341
546,360,40,654
320,537,40,625
96,420,40,430
623,200,40,654
236,314,40,392
621,206,40,654
913,302,40,961
767,371,40,852
276,208,40,345
372,0,40,372
261,84,40,274
697,203,40,725
628,16,40,628
627,11,40,627
580,45,40,581
94,504,40,512
356,204,40,410
139,298,40,328
389,324,40,506
779,126,40,789
1115,381,40,1178
153,85,40,175
1030,519,40,1153
396,142,40,420
431,128,40,449
47,350,40,353
99,723,40,729
243,448,40,509
686,16,40,686
1246,253,40,1271
199,187,41,273
16,436,41,436
244,91,41,260
1212,163,41,1222
359,1,41,359
655,198,41,684
450,4,41,450
1388,334,41,1427
742,25,41,742
452,186,41,488
1298,53,41,1299
231,587,41,630
531,11,41,531
702,677,41,975
702,541,41,886
704,69,41,707
914,52,41,915
258,374,41,454
533,339,41,631
810,262,41,851
286,201,41,349
67,484,41,488
640,423,41,767
652,162,41,671
513,255,41,572
106,7,41,106
282,321,41,427
486,184,41,519
996,50,41,997
418,320,41,526
639,422,41,765
1028,375,41,1094
833,606,41,1030
398,445,41,597
319,311,41,445
219,26,41,220
260,53,41,265
1010,392,41,1083
676,279,41,731
651,498,41,819
708,236,41,746
280,379,41,471
428,122,41,445
510,203,41,548
912,329,41,969
297,235,41,378
344,12,41,344
497,233,41,548
500,261,41,564
1134,23,41,1134
228,233,41,325
162,131,41,208
122,187,41,223
264,112,41,286
198,296,41,356
54,472,41,475
869,42,41,870
348,11,41,348
375,59,41,379
761,157,41,777
58,140,41,151
557,92,41,564
21,10,41,23
828,167,41,844
175,275,41,325
573,241,41,621
171,524,41,551
328,83,41,338
74,38,41,83
794,42,41,795
1337,225,41,1355
53,509,41,511
721,145,41,735
462,186,41,498
172,143,41,223
645,49,41,646
492,14,41,492
994,292,41,1036
1208,174,41,1220
369,377,41,527
131,328,41,353
273,498,41,567
804,87,41,808
762,196,41,786
858,329,41,918
895,189,41,914
1025,110,41,1030
291,396,41,491
853,17,41,853
1009,523,41,1136
342,266,41,433
371,22,41,371
944,220,41,969
705,215,41,737
347,208,41,404
580,183,41,608
277,242,41,367
781,344,41,853
1176,163,41,1187
653,188,41,679
1192,500,41,1292
439,254,41,507
603,173,41,627
595,352,41,691
78,225,41,238
365,164,41,400
280,231,41,362
1592,396,41,1640
433,396,41,586
616,383,41,725
885,103,41,890
1175,296,41,1211
660,145,41,675
424,111,41,438
1124,139,41,1132
640,261,41,691
932,32,41,932
832,102,41,838
921,60,41,922
778,556,41,956
871,23,41,871
1826,117,41,1829
103,56,41,117
332,82,41,341
162,347,41,382
626,90,41,632
464,13,41,464
1570,528,41,1656
915,198,41,936
1005,49,41,1006
741,244,41,780
667,81,41,671
785,189,42,807
660,327,42,736
1521,462,42,1589
439,36,42,440
799,457,42,920
585,412,42,715
916,379,42,991
430,314,42,532
958,584,42,1121
899,84,42,902
286,159,42,327
964,103,42,969
1042,144,42,1051
452,497,42,671
413,48,42,415
233,63,42,241
200,88,42,218
1138,273,42,1170
300,3,42,300
1193,518,42,1300
777,88,42,781
501,297,42,582
559,93,42,566
981,342,42,1038
856,295,42,905
331,334,42,470
1210,247,42,1234
1123,396,42,1190
936,156,42,948
1061,284,42,1098
674,281,42,730
694,390,42,796
1457,693,42,1613
198,169,42,260
79,506,42,512
803,273,42,848
1039,248,42,1068
61,145,42,157
477,97,42,486
301,137,42,330
340,144,42,369
488,189,42,523
785,219,42,814
353,118,42,372
99,213,42,234
28,292,42,293
441,207,42,487
964,348,42,1024
405,106,42,418
1129,183,42,1143
1106,179,42,1120
190,371,42,416
323,223,42,392
790,333,42,857
487,450,42,663
277,79,42,288
1025,143,42,1034
923,121,42,930
513,79,42,519
701,183,42,724
1034,287,42,1073
1123,118,42,1129
964,294,42,1007
1417,405,42,1473
373,204,42,425
628,195,42,657
990,0,42,990
1057,442,42,1145
1527,411,42,1581
107,172,42,202
513,214,42,555
15,25,42,29
513,378,42,637
1183,428,42,1258
920,388,42,998
1239,317,42,1278
442,13,42,442
875,330,42,935
1833,138,42,1838
981,491,42,1097
1068,574,42,1212
343,203,42,398
289,115,42,311
328,419,42,532
732,1,42,732
148,16,42,148
474,191,42,511
79,76,42,109
612,1,42,612
641,392,42,751
287,304,42,418
549,75,42,554
1097,619,42,1259
406,232,42,467
936,305,42,984
839,90,42,843
126,463,42,479
832,322,42,892
1318,626,42,1459
579,119,42,591
689,235,42,727
415,205,42,462
411,189,43,452
806,68,43,808
39,1,43,39
312,93,43,325
1083,186,43,1098
612,150,43,630
30,52,43,60
637,231,43,677
797,310,43,855
433,24,43,433
162,215,43,269
194,58,43,202
86,336,43,346
94,235,43,253
543,305,43,622
427,26,43,427
1278,284,43,1309
665,391,43,771
394,318,43,506
693,312,43,759
615,114,43,625
367,225,43,430
70,288,43,296
394,34,43,395
466,337,43,575
708,167,43,727
885,380,43,963
704,252,43,747
707,262,43,753
779,185,43,800
114,254,43,278
229,384,43,447
957,353,43,1020
602,126,43,615
1441,149,43,1448
325,214,43,389
227,39,43,230
288,506,43,582
666,144,43,681
800,290,43,850
490,108,43,501
580,311,43,658
273,186,43,330
1189,217,43,1208
347,163,43,383
1213,238,43,1236
377,227,43,440
190,67,43,201
1032,463,43,1131
1222,80,43,1224
536,252,43,592
222,177,43,283
509,266,43,574
532,167,43,557
658,330,43,736
732,140,43,745
426,198,43,469
746,60,43,748
1141,181,43,1155
405,232,43,466
746,29,43,746
1,626,43,626
538,336,43,634
546,213,43,586
747,3,43,747
306,11,43,306
536,511,43,740
279,204,43,345
478,297,43,562
251,352,43,432
712,199,43,739
425,276,43,506
674,61,43,676
418,26,43,418
136,37,43,140
817,160,43,832
1054,106,43,1059
823,400,43,915
554,92,43,561
584,173,43,609
679,39,43,680
8,91,43,91
1380,118,43,1385
302,19,43,302
1347,239,43,1368
497,52,43,499
180,424,43,460
513,468,43,694
879,138,43,889
808,124,43,817
749,112,43,757
218,96,43,238
778,325,43,843
269,414,43,493
26,21,43,33
569,436,43,716
92,290,43,304
1496,324,43,1530
817,78,43,820
269,84,43,281
502,165,43,528
540,24,43,540
184,121,43,220
972,127,43,980
939,3,43,939
707,570,43,908
730,274,44,779
586,277,44,648
293,189,44,348
801,133,44,811
460,255,44,525
1116,268,44,1147
641,126,44,653
280,239,44,368
345,171,44,385
100,62,44,117
122,154,44,196
299,317,44,435
328,15,44,328
1187,247,44,1212
126,656,44,667
891,97,44,896
411,430,44,594
337,5,44,337
4,2,44,4
51,387,44,390
112,102,44,151
679,33,44,679
1084,80,44,1086
361,373,44,519
245,283,44,374
576,111,44,586
843,166,44,859
696,35,44,696
892,13,44,892
731,48,44,732
8,9,44,12
34,237,44,239
226,299,44,374
542,616,44,820
364,5,44,364
903,351,44,968
1059,235,44,1084
290,104,44,308
71,30,44,77
360,94,44,372
251,333,44,417
366,21,44,366
1040,15,44,1040
181,177,44,253
819,13,44,819
532,310,44,615
153,349,44,381
501,142,44,520
949,478,44,1062
181,12,44,181
882,112,44,889
1177,60,44,1178
393,225,44,452
706,103,44,713
95,343,44,355
383,22,44,383
1253,165,44,1263
720,89,44,725
772,96,44,777
1085,401,44,1156
912,327,44,968
170,628,44,650
520,434,44,677
530,520,44,742
599,125,44,611
750,28,44,750
632,68,44,635
226,404,44,462
649,357,44,740
366,218,44,426
853,286,44,899
750,293,44,805
596,291,44,663
1472,87,44,1474
646,81,44,651
1100,206,44,1119
239,77,44,251
735,243,44,774
799,214,44,827
80,250,44,262
1326,156,44,1335
746,108,44,753
254,617,44,667
796,250,44,834
227,361,44,426
424,218,44,476
240,115,44,266
334,540,44,634
1156,305,44,1195
225,244,44,331
579,122,44,591
1228,425,44,1299
904,38,44,904
952,283,44,993
648,115,45,658
803,67,45,805
322,343,45,470
578,132,45,592
1248,166,45,1258
746,261,45,790
895,53,45,896
990,4,45,990
910,308,45,960
380,598,45,708
607,101,45,615
1170,122,45,1176
454,156,45,480
1181,222,45,1201
243,46,45,247
297,123,45,321
74,192,45,205
375,10,45,375
269,599,45,656
1054,26,45,1054
215,521,45,563
652,17,45,652
102,416,45,428
782,459,45,906
755,19,45,755
869,432,45,970
911,192,45,931
988,222,45,1012
566,240,45,614
1397,324,45,1434
1,5,45,5
202,397,45,445
811,178,45,830
834,248,45,870
432,196,45,474
903,213,45,927
1119,291,45,1156
523,235,45,573
165,91,45,188
117,67,45,134
608,73,45,612
102,7,45,102
645,180,45,669
50,7,45,50
1,30,45,30
209,54,45,215
585,85,45,591
770,250,45,809
1264,3,45,1264
331,7,45,331
196,109,45,224
469,28,45,469
213,164,45,268
980,189,45,998
1081,333,45,1131
367,118,45,385
1530,493,45,1607
1445,280,45,1471
781,22,45,781
400,102,45,412
332,433,45,545
65,192,45,202
1097,9,45,1097
21,70,45,73
1270,235,45,1291
528,420,45,674
908,117,45,915
161,120,45,200
594,189,45,623
530,259,45,589
40,216,45,219
1167,183,45,1181
677,109,45,685
120,82,45,145
939,429,45,1032
217,124,45,249
1032,188,45,1048
44,597,45,598
76,252,45,263
907,89,45,911
800,133,45,810
315,405,46,513
4,107,46,107
167,207,46,265
374,350,46,512
1288,134,46,1294
462,172,46,492
883,450,46,991
589,194,46,620
916,447,46,1019
226,450,46,503
522,85,46,528
249,286,46,379
74,120,46,140
689,76,46,693
347,386,46,519
144,262,46,298
449,71,46,454
164,177,46,241
1408,507,46,1496
383,220,46,441
180,544,46,573
692,1,46,692
452,342,46,566
1043,549,46,1178
520,104,46,530
672,486,46,829
321,407,46,518
256,149,46,296
789,139,46,801
559,144,46,577
120,485,46,499
358,779,46,857
1435,67,46,1436
920,31,46,920
230,51,46,235
1046,112,46,1051
419,567,46,705
87,7,46,87
902,118,46,909
399,72,46,405
81,381,46,389
468,92,46,476
377,223,46,438
386,76,46,393
972,78,46,975
2,2,46,2
707,265,46,755
267,83,46,279
1473,171,46,1482
607,8,46,607
544,393,46,671
328,312,46,452
725,208,46,754
292,177,46,341
757,156,46,772
503,311,46,591
246,329,46,410
984,102,46,989
891,310,46,943
720,269,46,768
1031,152,46,1042
1195,141,46,1203
583,202,46,617
617,8,46,617
227,210,46,309
916,186,46,934
1104,200,46,1121
868,428,46,967
960,310,46,1008
102,173,46,200
553,161,46,575
32,421,46,422
114,115,46,161
22,11,46,24
504,395,46,640
936,285,46,978
167,247,46,298
629,214,46,664
977,364,46,1042
648,357,47,739
91,457,47,465
941,355,47,1005
276,282,47,394
629,275,47,686
911,58,47,912
812,119,47,820
851,221,47,879
691,42,47,692
498,101,47,508
1525,197,47,1537
793,655,47,1028
964,61,47,965
914,334,47,973
1087,366,47,1146
1608,234,47,1624
138,312,47,341
25,118,47,120
122,0,47,122
925,40,47,925
850,181,47,869
1010,63,47,1011
634,364,47,731
1197,655,47,1364
646,50,47,647
46,129,47,136
1057,228,47,1081
997,48,47,998
328,32,47,329
722,186,47,745
1131,64,47,1132
438,286,47,523
753,77,47,756
478,567,47,741
746,134,47,757
1400,201,47,1414
764,308,47,823
551,176,47,578
388,209,47,440
226,159,47,276
56,317,47,321
925,57,47,926
1165,120,47,1171
481,168,47,509
567,119,47,579
374,350,47,512
835,150,47,848
15,152,47,152
1715,334,47,1747
272,249,47,368
825,163,47,840
713,111,47,721
875,166,47,890
1107,96,47,1111
107,39,47,113
1595,162,47,1603
465,271,47,538
445,42,47,446
1057,489,47,1164
201,179,47,269
467,40,47,468
418,17,47,418
752,216,47,782
1052,306,47,1095
472,57,48,475
793,221,48,823
535,51,48,537
826,396,48,916
757,264,48,801
905,533,48,1050
555,46,48,556
535,189,48,567
276,86,48,289
1071,380,48,1136
389,86,48,398
463,20,48,463
1524,634,48,1650
58,645,48,647
683,189,48,708
893,75,48,896
932,459,48,1038
96,12,48,96
683,181,48,706
194,97,48,216
752,28,48,752
504,189,48,538
818,117,48,826
220,164,48,274
658,426,48,783
404,328,48,520
591,88,48,597
321,81,48,331
397,5,48,397
707,318,48,775
304,245,48,390
1357,87,48,1359
1377,98,48,1380
320,51,48,324
536,226,48,581
615,326,48,696
569,10,48,569
375,30,48,376
495,12,48,495
164,28,48,166
830,149,48,843
1270,45,48,1270
823,34,48,823
432,3,48,432
1022,107,48,1027
583,31,48,583
1239,49,48,1239
17,279,48,279
748,103,48,755
1197,555,48,1319
608,213,48,644
1092,104,48,1096
574,266,48,632
881,244,48,914
364,149,48,393
167,84,48,186
503,142,48,522
535,208,48,574
470,188,48,506
1218,314,48,1257
473,128,48,490
856,195,48,877
341,393,48,520
520,213,48,561
413,24,48,413
870,391,48,953
243,324,49,405
426,348,49,550
740,56,49,742
728,0,49,728
445,14,49,445
1141,278,49,1174
553,172,49,579
997,360,49,1060
333,322,49,463
837,171,49,854
1446,214,49,1461
253,339,49,423
160,288,49,329
877,314,49,931
36,88,49,95
601,123,49,613
321,376,49,494
1078,6,49,1078
1484,98,49,1487
435,462,49,634
211,491,49,534
878,176,49,895
309,284,49,419
1018,36,49,1018
939,309,49,988
1212,372,49,1267
278,435,49,516
156,120,49,196
609,289,49,674
979,253,49,1011
659,12,49,659
374,274,49,463
16,11,49,19
547,11,49,547
262,261,49,369
992,222,49,1016
1003,240,49,1031
308,254,49,399
698,20,49,698
550,594,49,809
159,614,49,634
556,400,49,684
425,45,49,427
470,451,49,651
105,637,49,645
364,216,49,423
946,130,49,954
284,105,49,302
190,186,49,265
741,33,49,741
1186,395,49,1250
613,323,49,692
21,12,49,24
967,109,49,973
212,329,49,391
881,1,49,881
946,155,49,958
937,277,49,977
1090,32,49,1090
75,284,49,293
1432,310,49,1465
447,81,49,454
3,218,50,218
1132,9,50,1132
1376,150,50,1384
792,143,50,804
764,240,50,800
488,490,50,691
33,295,50,296
379,283,50,473
171,701,50,721
508,25,50,508
155,12,50,155
274,193,50,335
897,330,50,955
1306,241,50,1328
1134,19,50,1134
742,81,50,746
1512,191,50,1524
1033,119,50,1039
602,400,50,722
1048,44,50,1048
1186,22,50,1186
855,181,50,873
456,221,50,506
475,429,50,640
1372,118,50,1377
649,527,50,836
1271,85,50,1273
937,218,50,962
483,30,50,483
1277,6,50,1277
723,462,50,858
429,298,50,522
1700,49,50,1700
210,59,50,218
584,135,50,599
644,381,50,748
677,8,50,677
628,396,50,742
310,274,50,413
620,0,50,620
639,116,50,649
565,270,50,626
1584,475,50,1653
213,298,50,366
835,165,50,851
323,48,50,326
904,334,50,963
1217,59,50,1218
318,475,50,571
1315,35,50,1315
363,24,51,363
295,208,51,360
964,115,51,970
1448,324,51,1483
455,42,51,456
1083,90,51,1086
635,119,51,646
565,56,51,567
1031,263,51,1064
480,419,51,637
528,137,51,545
710,689,51,989
1369,235,51,1389
322,221,51,390
341,341,51,482
1030,132,51,1038
595,12,51,595
924,101,51,929
296,40,51,298
1381,44,51,1381
808,31,51,808
878,14,51,878
168,354,51,391
1375,111,51,1379
598,105,51,607
74,36,51,82
198,43,51,202
1134,32,51,1134
126,384,51,404
1594,70,51,1595
577,461,51,738
1118,330,51,1165
1328,206,51,1343
1424,341,51,1464
1027,73,51,1029
1138,147,51,1147
343,259,51,429
314,104,51,330
805,32,51,805
1147,119,51,1153
1133,183,51,1147
191,136,51,234
495,156,51,519
669,722,51,984
1084,160,51,1095
432,21,51,432
928,219,51,953
1290,3,52,1290
888,401,52,974
297,8,52,297
1254,400,52,1316
802,21,52,802
513,93,52,521
559,225,52,602
1361,383,52,1413
115,454,52,468
443,334,52,554
635,115,52,645
166,327,52,366
857,243,52,890
430,377,52,571
780,144,52,793
168,282,52,328
870,95,52,875
873,147,52,885
860,23,52,860
764,371,52,849
67,236,52,245
333,226,52,402
1191,46,52,1191
442,235,52,500
624,31,52,624
557,39,52,558
962,314,52,1011
411,262,52,487
31,109,52,113
359,446,52,572
1496,344,52,1535
1817,354,52,1851
653,137,52,667
370,36,52,371
337,249,52,419
969,75,52,971
531,206,52,569
441,220,52,492
427,49,52,429
578,156,52,598
349,141,52,376
1011,228,52,1036
1554,272,52,1577
798,119,52,806
176,252,53,307
1147,193,53,1163
233,198,53,305
920,386,53,997
348,327,53,477
73,353,53,360
179,100,53,205
829,134,53,839
1144,245,53,1169
969,634,53,1157
700,40,53,701
606,251,53,655
1356,190,53,1369
324,31,53,325
921,209,53,944
180,518,53,548
147,59,53,158
754,165,53,771
571,160,53,592
726,155,53,742
99,287,53,303
50,61,53,78
921,251,53,954
421,38,53,422
682,52,53,683
597,260,53,651
559,611,53,828
648,218,53,683
413,165,53,444
569,116,53,580
364,266,53,450
569,617,53,839
206,28,53,207
638,305,53,707
175,204,53,268
503,223,53,550
803,36,53,803
450,300,53,540
1390,513,53,1481
745,216,53,775
537,106,54,547
1360,584,54,1480
66,232,54,241
505,544,54,742
1258,197,54,1273
330,4,54,330
1071,81,54,1074
230,147,54,272
237,378,54,446
208,71,54,219
198,163,54,256
393,73,54,399
301,48,54,304
1070,326,54,1118
1024,18,54,1024
317,81,54,327
1386,227,54,1404
948,49,54,949
1382,22,54,1382
1071,114,54,1077
695,51,54,696
465,288,54,546
570,97,54,578
1104,151,54,1114
537,172,54,563
1282,248,54,1305
256,123,54,284
652,260,54,701
992,8,54,992
1182,61,54,1183
639,168,54,660
344,122,54,364
309,22,54,309
387,136,54,410
330,353,55,483
125,262,55,290
643,470,55,796
410,131,55,430
818,200,55,842
182,16,55,182
230,3,55,230
497,164,55,523
201,0,55,201
838,12,55,838
554,229,55,599
8,5,55,9
964,152,55,975
85,155,55,176
567,87,55,573
349,103,55,363
110,66,55,128
662,448,55,799
746,364,55,830
784,11,55,784
804,64,55,806
989,383,55,1060
626,412,55,749
800,172,55,818
23,60,55,64
490,121,56,504
11,355,56,355
1286,535,56,1392
53,227,56,233
980,51,56,981
586,181,56,613
278,202,56,343
64,442,56,446
411,46,56,413
708,121,56,718
1160,9,56,1160
788,138,56,799
725,56,56,727
481,268,56,550
1062,278,56,1097
143,44,56,149
1317,440,56,1388
449,207,56,494
879,21,56,879
405,345,56,532
1347,7,56,1347
191,358,56,405
332,309,56,453
312,45,56,315
1336,369,56,1386
636,453,56,780
851,298,56,901
743,150,57,757
359,220,57,421
411,178,57,447
124,114,57,168
125,47,57,133
1020,143,57,1029
464,136,57,483
885,250,57,919
835,276,57,879
261,11,57,261
560,181,57,588
531,143,57,549
720,88,57,725
466,379,57,600
165,707,57,725
394,367,57,538
751,66,57,753
652,389,57,759
1073,152,57,1083
940,604,57,1117
635,133,57,648
117,3,57,117
632,383,58,738
900,507,58,1032
545,435,58,697
1037,336,58,1090
669,134,58,682
190,514,58,547
1016,60,58,1017
1465,171,58,1474
1000,33,58,1000
401,169,58,435
1121,31,58,1121
1295,488,58,1383
965,391,58,1041
936,44,58,937
725,255,58,768
228,17,58,228
300,86,58,312
550,27,59,550
856,100,59,861
977,358,59,1040
572,143,59,589
200,167,59,260
965,300,59,1010
1511,656,59,1647
736,394,59,834
1161,125,59,1167
621,139,59,636
4,20,59,20
808,343,59,877
12,38,59,39
490,15,59,490
787,276,59,833
957,299,59,1002
358,56,59,362
607,149,59,625
499,23,59,499
1147,19,59,1147
621,126,59,633
330,180,59,375
1465,163,59,1474
390,230,59,452
532,276,59,599
1009,114,59,1015
440,182,59,476
1060,337,59,1112
1078,1,59,1078
64,275,59,282
866,17,59,866
1236,10,60,1236
1139,358,60,1193
746,306,60,806
1038,477,60,1142
51,298,60,302
652,279,60,709
553,150,60,572
871,42,60,872
376,129,60,397
792,56,60,793
805,61,60,807
478,119,60,492
50,285,60,289
196,340,60,392
218,274,60,350
844,111,60,851
467,49,60,469
187,455,60,491
336,293,60,445
137,101,60,170
456,344,60,571
628,119,60,639
1114,552,60,1243
962,424,61,1051
1284,221,61,1302
525,334,61,622
273,132,61,303
153,148,61,212
1007,410,61,1087
493,21,61,493
268,216,61,344
1068,504,61,1180
542,75,61,547
730,302,61,790
1075,144,61,1084
717,108,61,725
804,16,61,804
1450,327,61,1486
888,191,61,908
202,302,61,363
367,279,61,461
736,235,61,772
156,10,61,156
1394,171,61,1404
301,422,61,518
871,392,62,955
71,211,62,222
580,344,62,674
1,297,62,297
207,5,62,207
678,438,62,807
1348,238,62,1368
1126,61,62,1127
1282,446,62,1357
1314,531,62,1417
1096,987,62,1474
364,592,62,694
545,125,62,559
72,307,62,315
683,501,62,847
536,242,62,588
459,24,62,459
607,259,62,659
1562,66,62,1563
354,527,63,634
788,52,63,789
817,235,63,850
658,79,63,662
1179,113,63,1184
11,161,63,161
276,282,63,394
742,138,63,754
408,12,63,408
247,209,63,323
1122,232,63,1145
11,28,63,30
490,63,63,494
552,722,63,908
328,193,63,380
264,248,63,362
788,137,63,799
1042,1,63,1042
1084,154,63,1094
732,254,63,774
60,129,64,142
257,169,64,307
468,52,64,470
511,441,64,674
1313,515,64,1410
657,409,64,773
1180,381,64,1239
710,14,64,710
32,54,64,62
863,117,64,870
423,11,64,423
511,257,64,571
813,260,64,853
790,139,64,802
280,118,65,303
844,413,65,939
1260,75,65,1262
582,124,65,595
78,332,65,341
535,217,65,577
1300,11,65,1300
636,634,65,898
802,89,65,806
46,20,65,50
236,235,65,333
681,92,65,687
479,258,65,544
307,268,65,407
388,37,65,389
563,187,66,593
516,17,66,516
1703,792,66,1878
163,196,66,254
700,364,66,788
160,10,66,160
771,160,66,787
683,549,66,876
326,12,66,326
88,59,66,105
645,172,66,667
742,57,66,744
668,344,66,751
370,64,66,375
69,376,66,382
1004,144,66,1014
445,474,66,650
344,455,66,570
1669,152,67,1675
832,179,67,851
610,204,67,643
433,43,67,435
907,442,67,1008
35,55,67,65
319,262,67,412
407,534,67,671
243,82,67,256
1473,71,67,1474
1470,125,67,1475
978,3,67,978
928,28,67,928
457,303,67,548
517,133,67,533
689,172,68,710
594,479,68,763
72,720,68,723
185,166,68,248
870,94,68,875
1918,222,68,1930
1039,556,68,1178
1445,256,68,1467
1186,458,68,1271
1567,61,68,1568
320,299,68,437
246,452,68,514
791,296,68,844
891,45,68,892
577,26,69,577
1040,152,69,1051
63,102,69,119
479,215,69,525
218,93,69,237
1553,315,69,1584
268,482,69,551
709,200,69,736
752,226,69,785
605,64,69,608
123,188,69,224
584,132,69,598
760,8,70,760
1252,721,70,1444
81,209,70,224
597,515,70,788
907,317,70,960
729,227,70,763
655,90,70,661
481,561,70,738
2,0,70,2
605,8,70,605
1049,24,70,1049
611,387,70,723
766,159,70,782
494,100,70,504
464,611,70,767
621,178,71,646
1062,178,71,1076
573,2,71,573
545,181,71,574
513,92,71,521
93,225,71,243
67,169,71,181
653,70,71,656
440,18,71,440
594,176,71,619
505,268,71,571
553,127,71,567
1221,168,71,1232
93,138,71,166
515,370,71,634
447,582,71,733
625,301,71,693
240,346,71,421
285,3,72,285
1061,478,72,1163
760,67,72,762
1602,160,72,1609
709,300,72,769
589,508,72,777
351,41,72,353
710,17,72,710
758,138,72,770
738,409,72,843
756,461,72,885
317,77,72,326
1424,115,72,1428
353,464,72,583
256,743,72,785
358,89,73,368
708,455,73,841
5,6,73,7
236,285,73,370
354,562,73,664
801,103,73,807
569,291,73,639
1440,657,73,1582
882,290,73,928
521,573,74,774
900,18,74,900
213,633,74,667
377,200,74,426
926,516,74,1060
351,14,74,351
1425,149,74,1432
854,78,74,857
1120,174,74,1133
1059,132,74,1067
587,134,74,602
632,414,75,755
362,283,75,459
1402,548,75,1505
407,129,75,426
581,41,75,582
1665,82,75,1667
63,481,75,485
238,220,75,324
723,334,75,796
1045,395,76,1117
1719,298,76,1744
82,412,76,420
743,19,76,743
1053,92,76,1057
744,146,76,758
654,16,76,654
83,374,76,383
563,266,76,622
1201,210,76,1219
636,295,76,701
1666,167,76,1674
372,941,77,1011
877,169,77,893
543,36,77,544
188,193,77,269
689,228,77,725
675,491,78,834
65,295,78,302
1077,382,78,1142
1146,38,78,1146
369,133,78,392
875,46,78,876
493,295,78,574
1460,104,78,1463
542,196,79,576
677,189,79,702
602,305,79,674
701,83,79,705
248,701,79,743
1659,109,79,1662
1922,384,79,1959
1136,445,79,1220
866,5,79,866
955,256,79,988
1007,256,80,1039
741,471,80,878
1498,50,80,1498
908,66,80,910
114,544,80,555
620,371,80,722
1008,262,80,1041
652,10,80,652
901,65,80,903
1314,95,80,1317
239,30,80,240
677,496,81,839
1243,61,81,1244
563,479,81,739
144,276,81,311
1739,427,81,1790
289,14,82,289
937,503,82,1063
682,125,82,693
841,168,82,857
1490,138,82,1496
261,473,83,540
710,304,83,772
1079,298,83,1119
1222,262,83,1249
1234,193,84,1249
190,301,84,355
414,639,84,761
842,132,84,852
791,484,84,927
577,197,85,609
889,299,85,937
371,263,85,454
675,459,85,816
1383,280,85,1411
1014,500,85,1130
40,425,85,426
1005,37,86,1005
265,63,86,272
577,43,86,578
1835,98,86,1837
1556,14,86,1556
885,362,87,956
1764,297,87,1788
82,296,87,307
803,295,87,855
1682,430,87,1736
882,531,88,1029
167,297,88,340
1502,43,88,1502
948,82,89,951
618,73,89,622
145,140,89,201
650,102,89,657
472,107,89,483
807,58,91,809
336,7,91,336
273,95,91,289
91,75,91,117
945,451,91,1047
1576,221,92,1591
945,204,92,966
468,622,92,778
1227,27,93,1227
465,341,93,576
13,107,93,107
1584,168,93,1592
520,188,94,552
1787,358,94,1822
567,89,94,573
898,176,94,915
325,292,95,436
212,89,95,229
8,252,96,252
68,181,97,193
457,43,97,459
4,280,97,280
1718,99,98,1720
251,88,99,265
9,328,99,328
214,231,100,314
63,482,100,486
991,0,100,991
948,108,100,954
141,564,101,581
709,293,101,767
2052,322,101,2077
530,165,101,555
81,121,101,145
2097,262,102,2113
2,2,102,2
233,255,103,345
416,39,103,417
1202,530,104,1313
1136,162,104,1147
808,85,105,812
251,396,107,468
95,222,107,241
1331,2,107,1331
331,160,108,367
343,145,111,372
629,385,111,737
819,134,111,829
490,33,111,491
776,48,113,777
200,270,113,336
358,123,113,378
175,7,114,175
612,671,115,908
857,376,116,935
127,166,117,209
662,64,119,665
514,170,121,541
4,10,122,10
649,311,123,719
418,130,124,437
174,96,127,198
53,64,131,83
849,197,139,871
425,220,139,478
295,183,143,347
425,118,148,441
97,85,151,128
272,21,152,272
793,62,157,795
114,22,161,116
364,55,164,368
132,100,165,165
278,48,165,282
592,157,167,612
984,41,167,984
15,3,171,15
306,277,171,412
803,2,175,803
673,228,176,710
563,16,177,563
603,85,178,608
802,175,183,820
674,13,184,674
1224,44,185,1224
795,408,190,893
584,138,209,600
177,244,239,301
