time (s),I,II,V1,V2,V3,V4,V5,V6
0.0,0.0732,0.122,0.029280001,0.10248,0.20496,0.15616,0.10736,0.10248
0.002,0.05368,0.10248,0.01952,0.08296,0.17568001,0.13664,0.087840006,0.07808
0.004,0.05368,0.09272,0.01952,0.0732,0.16104001,0.117120005,0.08296,0.0732
0.006,0.05368,0.09272,0.01952,0.0732,0.16104001,0.117120005,0.08296,0.0732
0.008,0.048800003,0.087840006,0.00976,0.06832,0.13664,0.10736,0.06832,0.06832
0.01,0.029280001,0.06344,-0.00488,0.03904,0.10736,0.0732,0.048800003,0.043920003
0.012,0.01952,0.048800003,-0.00488,0.024400001,0.09272,0.058560003,0.03904,0.03904
0.014,0.01952,0.043920003,-0.00488,0.01952,0.08296,0.048800003,0.029280001,0.03904
0.016,0.01952,0.03416,-0.00488,0.00976,0.06344,0.03904,0.024400001,0.029280001
0.018,-0.00488,0.00488,-0.024400001,-0.014640001,0.029280001,0.00976,-0.00976,0.0
0.02,-0.01952,-0.00488,-0.024400001,-0.01952,0.01952,-0.00488,-0.01952,-0.00976
0.022,-0.00976,-0.00488,-0.01952,-0.01952,0.014640001,-0.00488,-0.00976,0.0
0.024,-0.00976,-0.00488,-0.01952,-0.01952,0.014640001,0.00488,-0.00976,0.0
0.026,-0.014640001,-0.01952,-0.03904,-0.03904,-0.00976,-0.024400001,-0.024400001,-0.014640001
0.028,-0.01952,-0.01952,-0.03904,-0.043920003,-0.014640001,-0.029280001,-0.029280001,-0.014640001
0.03,-0.01952,-0.01952,-0.03904,-0.043920003,-0.014640001,-0.029280001,-0.029280001,-0.014640001
0.032,-0.00976,-0.00976,-0.024400001,-0.043920003,-0.014640001,-0.01952,-0.01952,-0.00488
0.034,-0.024400001,-0.03416,-0.03904,-0.058560003,-0.03904,-0.03904,-0.048800003,-0.029280001
0.036,-0.029280001,-0.03904,-0.03904,-0.06344,-0.03904,-0.048800003,-0.048800003,-0.029280001
0.038,-0.029280001,-0.03904,-0.03904,-0.06344,-0.03904,-0.048800003,-0.043920003,-0.029280001
0.04,-0.014640001,-0.024400001,-0.029280001,-0.043920003,-0.024400001,-0.03416,-0.03416,-0.014640001
0.042,-0.024400001,-0.03904,-0.043920003,-0.058560003,-0.03904,-0.043920003,-0.043920003,-0.029280001
0.044,-0.029280001,-0.03904,-0.043920003,-0.06344,-0.03904,-0.048800003,-0.043920003,-0.029280001
0.046,-0.029280001,-0.03904,-0.043920003,-0.06344,-0.03904,-0.048800003,-0.043920003,-0.029280001
0.048,-0.01952,-0.029280001,-0.03904,-0.05368,-0.03416,-0.03904,-0.03416,-0.014640001
0.05,-0.01952,-0.029280001,-0.03904,-0.05368,-0.03416,-0.03904,-0.043920003,-0.024400001
0.052,-0.024400001,-0.03416,-0.043920003,-0.058560003,-0.03904,-0.043920003,-0.043920003,-0.029280001
0.054,-0.024400001,-0.03416,-0.043920003,-0.058560003,-0.03904,-0.043920003,-0.043920003,-0.029280001
0.056,-0.01952,-0.029280001,-0.03416,-0.05368,-0.03416,-0.03904,-0.03904,-0.01952
0.058,-0.01952,-0.029280001,-0.03416,-0.05368,-0.03416,-0.03904,-0.03904,-0.01952
0.06,-0.029280001,-0.03416,-0.048800003,-0.058560003,-0.03904,-0.048800003,-0.043920003,-0.024400001
0.062,-0.029280001,-0.03416,-0.048800003,-0.058560003,-0.03904,-0.048800003,-0.043920003,-0.024400001
0.064,-0.01952,-0.029280001,-0.03904,-0.05368,-0.03416,-0.03904,-0.03904,-0.01952
0.066,-0.01952,-0.029280001,-0.03904,-0.05368,-0.03416,-0.03904,-0.03904,-0.01952
0.068,-0.029280001,-0.03904,-0.043920003,-0.06344,-0.03904,-0.043920003,-0.048800003,-0.029280001
0.07,-0.029280001,-0.03904,-0.043920003,-0.06344,-0.03904,-0.043920003,-0.048800003,-0.029280001
0.072,-0.014640001,-0.029280001,-0.03416,-0.048800003,-0.029280001,-0.043920003,-0.03904,-0.01952
0.074,-0.014640001,-0.029280001,-0.03416,-0.048800003,-0.029280001,-0.03416,-0.03904,-0.01952
0.076,-0.029280001,-0.03904,-0.043920003,-0.058560003,-0.03904,-0.043920003,-0.043920003,-0.029280001
0.078,-0.029280001,-0.03904,-0.043920003,-0.058560003,-0.03904,-0.048800003,-0.043920003,-0.029280001
0.08,-0.029280001,-0.03904,-0.043920003,-0.058560003,-0.03904,-0.048800003,-0.043920003,-0.029280001
0.082,-0.00976,-0.01952,-0.024400001,-0.043920003,-0.029280001,-0.029280001,-0.024400001,-0.00976
0.084,-0.01952,-0.03416,-0.043920003,-0.058560003,-0.03904,-0.043920003,-0.043920003,-0.029280001
0.086,-0.024400001,-0.03416,-0.043920003,-0.058560003,-0.03904,-0.043920003,-0.043920003,-0.029280001
0.088,-0.024400001,-0.03416,-0.043920003,-0.058560003,-0.03904,-0.043920003,-0.043920003,-0.01952
0.09,-0.01952,-0.014640001,-0.024400001,-0.03904,-0.01952,-0.024400001,-0.024400001,-0.00488
0.092,-0.01952,-0.03416,-0.03904,-0.048800003,-0.03904,-0.043920003,-0.043920003,-0.024400001
0.094,-0.029280001,-0.043920003,-0.043920003,-0.058560003,-0.03904,-0.043920003,-0.043920003,-0.024400001
0.096,-0.029280001,-0.03416,-0.043920003,-0.058560003,-0.03904,-0.043920003,-0.043920003,-0.024400001
0.098,-0.01952,-0.029280001,-0.03416,-0.05368,-0.03416,-0.03904,-0.03904,-0.01952
0.1,-0.01952,-0.029280001,-0.03416,-0.05368,-0.03416,-0.03904,-0.03904,-0.01952
0.102,-0.024400001,-0.03416,-0.03904,-0.058560003,-0.03904,-0.043920003,-0.043920003,-0.024400001
0.104,-0.024400001,-0.03416,-0.03904,-0.058560003,-0.03904,-0.043920003,-0.043920003,-0.024400001
0.106,-0.014640001,-0.024400001,-0.03416,-0.048800003,-0.029280001,-0.03416,-0.03416,-0.014640001
0.108,-0.014640001,-0.024400001,-0.03416,-0.048800003,-0.029280001,-0.03416,-0.03416,-0.014640001
0.11,-0.029280001,-0.03416,-0.043920003,-0.058560003,-0.03904,-0.048800003,-0.043920003,-0.024400001
0.112,-0.029280001,-0.03416,-0.043920003,-0.058560003,-0.03904,-0.048800003,-0.043920003,-0.024400001
0.114,-0.01952,-0.029280001,-0.03416,-0.05368,-0.029280001,-0.03416,-0.03416,-0.014640001
0.116,-0.00976,-0.01952,-0.03416,-0.05368,-0.029280001,-0.03416,-0.03416,-0.014640001
0.118,-0.01952,-0.03416,-0.043920003,-0.058560003,-0.03904,-0.043920003,-0.043920003,-0.024400001
0.12,-0.029280001,-0.03416,-0.043920003,-0.058560003,-0.03904,-0.043920003,-0.043920003,-0.024400001
0.122,-0.014640001,-0.024400001,-0.03416,-0.048800003,-0.029280001,-0.03416,-0.03416,-0.01952
0.124,-0.014640001,-0.024400001,-0.024400001,-0.03904,-0.029280001,-0.03416,-0.01952,-0.00488
0.126,-0.024400001,-0.03416,-0.03904,-0.058560003,-0.03904,-0.043920003,-0.03904,-0.024400001
0.128,-0.03416,-0.03416,-0.048800003,-0.058560003,-0.03904,-0.043920003,-0.03904,-0.024400001
0.13,-0.024400001,-0.029280001,-0.03904,-0.058560003,-0.03904,-0.043920003,-0.03904,-0.01952
0.132,-0.00488,-0.014640001,-0.024400001,-0.03904,-0.024400001,-0.01952,-0.01952,-0.00976
0.134,0.014640001,-0.00488,-0.00976,-0.024400001,-0.00976,0.0,0.0,-0.00488
0.136,0.00488,-0.00488,-0.00976,-0.024400001,-0.00976,0.0,0.0,-0.00488
0.138,0.00488,0.0,-0.00488,-0.01952,-0.00488,0.00488,0.014640001,0.00976
0.14,0.01952,0.01952,0.014640001,0.00488,0.00488,0.024400001,0.029280001,0.024400001
0.142,0.00488,0.00488,-0.00488,-0.014640001,-0.00488,0.00488,0.00976,0.00488
0.144,0.00488,0.00488,-0.00488,-0.014640001,-0.00488,-0.00976,0.00976,-0.00488
0.146,0.00488,0.00488,-0.00488,-0.014640001,-0.00488,0.0,0.00976,0.00488
0.148,0.014640001,0.00976,0.0,-0.00976,0.0,0.00976,0.01952,0.00976
0.15,0.014640001,0.00976,0.0,-0.00976,0.0,0.00976,0.00976,0.00976
0.152,0.00976,0.00488,-0.00976,-0.01952,-0.00488,0.00488,0.0,-0.00488
0.154,0.00976,0.00488,-0.00976,-0.01952,-0.00488,0.00488,0.00976,0.00488
0.156,0.014640001,0.014640001,0.00488,-0.00488,0.00488,0.014640001,0.01952,0.014640001
0.158,0.014640001,0.014640001,0.00488,-0.00488,0.00488,0.014640001,0.01952,0.014640001
0.16,0.00488,0.00488,-0.00976,-0.014640001,-0.00488,0.0,0.00976,0.00488
0.162,0.00488,0.00488,-0.00976,-0.014640001,-0.00488,0.0,0.00976,0.00488
0.164,0.014640001,0.014640001,0.0,-0.00976,0.0,0.014640001,0.01952,0.014640001
0.166,0.024400001,0.014640001,0.0,-0.00976,0.0,0.014640001,0.01952,0.014640001
0.168,0.00976,0.0,-0.00976,-0.01952,-0.00488,0.0,0.00976,0.0
0.17,0.0,0.0,-0.00976,-0.01952,-0.00488,0.0,0.00976,0.0
0.172,0.00976,0.00976,0.00488,-0.00976,0.0,0.014640001,0.01952,0.00976
0.174,0.024400001,0.01952,0.00488,0.0,0.00976,0.014640001,0.01952,0.01952
0.176,0.00488,0.00488,-0.00976,-0.014640001,-0.00488,0.00488,0.00976,-0.00488
0.178,0.00488,0.00488,-0.00976,-0.014640001,-0.00488,0.00488,0.00976,-0.00488
0.18,0.00488,0.00488,-0.00488,-0.014640001,0.0,0.00488,0.014640001,0.00488
0.182,0.024400001,0.01952,0.014640001,0.0,0.00976,0.024400001,0.024400001,0.024400001
0.184,0.00976,0.00488,-0.00488,-0.014640001,-0.00976,0.00488,0.00488,0.0
0.186,0.00976,0.00488,-0.00488,-0.014640001,-0.00976,0.00488,0.00488,0.0
0.188,0.00976,0.00488,-0.00488,-0.014640001,0.0,0.00488,0.014640001,0.00976
0.19,0.024400001,0.024400001,0.014640001,0.00488,0.00976,0.024400001,0.03416,0.024400001
0.192,0.00976,0.00976,-0.00488,-0.00488,-0.00488,0.00976,0.014640001,0.00488
0.194,0.00488,0.00976,-0.014640001,-0.014640001,-0.00488,0.0,0.014640001,0.00488
0.196,0.00488,0.00976,-0.00488,-0.014640001,0.0,0.00976,0.014640001,0.00488
0.198,0.014640001,0.014640001,0.0,-0.00488,0.00488,0.014640001,0.024400001,0.00976
0.2,0.014640001,0.014640001,0.0,-0.00488,0.00488,0.014640001,0.014640001,0.00976
0.202,0.00976,0.00976,-0.00488,-0.014640001,0.0,0.0,0.00976,0.00488
0.204,0.00976,0.00976,-0.00488,-0.014640001,0.0,0.00976,0.00976,0.00488
0.206,0.01952,0.014640001,0.00488,-0.00488,0.00488,0.01952,0.024400001,0.014640001
0.208,0.01952,0.014640001,0.00488,-0.00488,0.00488,0.01952,0.024400001,0.014640001
0.21,0.00488,0.00976,-0.00488,-0.00976,0.0,0.00488,0.014640001,0.00488
0.212,0.00488,0.00976,-0.00488,-0.00976,0.0,0.00488,0.014640001,0.00488
0.214,0.01952,0.014640001,-0.00488,-0.00976,0.00488,0.01952,0.024400001,0.014640001
0.216,0.01952,0.014640001,0.00488,0.0,0.00488,0.01952,0.024400001,0.014640001
0.218,0.00976,0.00488,-0.00488,-0.014640001,-0.00488,0.00488,0.00976,0.00488
0.22,0.00976,0.00488,-0.00488,-0.014640001,-0.00488,0.00488,0.00976,0.00488
0.222,0.00976,0.014640001,0.00488,-0.00488,0.00976,0.01952,0.024400001,0.014640001
0.224,0.024400001,0.024400001,0.00488,0.00976,0.00976,0.01952,0.024400001,0.014640001
0.226,0.00976,0.00976,-0.00488,-0.00976,0.0,0.00976,0.00488,0.0
0.228,0.00976,0.00976,-0.00488,-0.00976,0.0,0.00976,0.00488,0.0
0.23,0.00976,0.00976,-0.00488,-0.00976,0.00488,0.00976,0.014640001,0.00976
0.232,0.029280001,0.029280001,0.014640001,0.00488,0.014640001,0.029280001,0.03416,0.024400001
0.234,0.00976,0.00976,-0.00488,-0.00976,-0.00488,0.00976,0.00976,0.0
0.236,0.00976,0.00976,-0.00488,-0.00976,-0.00488,0.00976,0.00976,0.0
0.238,0.00976,0.00976,0.0,-0.00976,0.0,0.014640001,0.01952,0.00976
0.24,0.024400001,0.024400001,0.01952,0.00976,0.01952,0.029280001,0.03416,0.029280001
0.242,0.00976,0.00976,0.0,-0.00488,0.0,0.014640001,0.014640001,0.00976
0.244,0.00976,0.00976,-0.00488,-0.00976,0.0,0.00976,0.014640001,0.00976
0.246,0.00976,0.00976,-0.00488,-0.00976,0.0,0.00976,0.014640001,0.00976
0.248,0.014640001,0.014640001,0.00488,-0.00488,0.00488,0.014640001,0.03416,0.024400001
0.25,0.014640001,0.014640001,0.00488,-0.00488,0.00488,0.014640001,0.024400001,0.014640001
0.252,0.00976,0.00976,-0.00488,-0.00976,0.0,0.00976,0.014640001,0.00976
0.254,0.00976,0.00976,-0.00488,-0.00976,0.0,0.00976,0.014640001,0.00976
0.256,0.01952,0.01952,0.00976,0.0,0.014640001,0.024400001,0.024400001,0.014640001
0.258,0.01952,0.01952,0.00976,0.0,0.014640001,0.024400001,0.024400001,0.014640001
0.26,0.00976,0.00976,-0.00488,-0.00976,0.0,0.00976,0.00488,0.00976
0.262,0.00976,0.00976,-0.00488,-0.00976,0.0,0.00976,0.014640001,0.00976
0.264,0.014640001,0.01952,0.00488,-0.00488,0.00976,0.01952,0.024400001,0.01952
0.266,0.024400001,0.01952,0.00488,0.00488,0.00976,0.01952,0.024400001,0.01952
0.268,0.00976,0.00976,-0.00488,-0.00976,0.0,0.00976,0.014640001,0.00488
0.27,0.00976,0.00976,-0.00488,-0.00976,0.0,0.00976,0.014640001,0.00488
0.272,0.01952,0.01952,0.00976,0.0,0.00976,0.01952,0.024400001,0.01952
0.274,0.01952,0.01952,0.00976,0.0,0.01952,0.01952,0.03416,0.01952
0.276,0.00976,0.00976,-0.00976,-0.00976,0.0,0.00976,0.00976,0.0
0.278,0.00976,0.00976,-0.00976,-0.00976,0.0,0.00976,0.00976,0.0
0.28,0.014640001,0.00976,-0.00488,-0.00488,0.00488,0.00976,0.014640001,0.00976
0.282,0.03416,0.029280001,0.014640001,0.00488,0.014640001,0.029280001,0.03416,0.029280001
0.284,0.014640001,0.014640001,0.0,-0.00976,-0.00488,0.014640001,0.01952,0.00976
0.286,0.014640001,0.014640001,0.0,-0.00976,0.00488,0.014640001,0.01952,0.00976
0.288,0.024400001,0.024400001,0.00976,0.00488,0.01952,0.029280001,0.03904,0.01952
0.29,0.03904,0.048800003,0.024400001,0.01952,0.03904,0.048800003,0.05368,0.03416
0.292,0.03904,0.048800003,0.024400001,0.01952,0.03904,0.048800003,0.05368,0.03416
0.294,0.03904,0.05368,0.024400001,0.01952,0.05368,0.05368,0.058560003,0.03416
0.296,0.043920003,0.06344,0.029280001,0.024400001,0.06344,0.06832,0.0732,0.043920003
0.298,0.058560003,0.08296,0.048800003,0.043920003,0.08296,0.087840006,0.09272,0.058560003
0.3,0.058560003,0.087840006,0.048800003,0.043920003,0.08296,0.09272,0.097600006,0.058560003
0.302,0.058560003,0.087840006,0.048800003,0.043920003,0.08296,0.09272,0.097600006,0.058560003
0.304,0.06344,0.09272,0.058560003,0.048800003,0.087840006,0.097600006,0.10248,0.06832
0.306,0.07808,0.11224001,0.0732,0.06344,0.10248,0.11224001,0.122,0.08296
0.308,0.07808,0.11224001,0.0732,0.06344,0.10736,0.11224001,0.122,0.08296
0.31,0.07808,0.11224001,0.06344,0.06344,0.10736,0.11224001,0.10736,0.06832
0.312,0.07808,0.122,0.06344,0.06344,0.11224001,0.117120005,0.122,0.07808
0.314,0.087840006,0.13664,0.08296,0.0732,0.122,0.13176002,0.13664,0.087840006
0.316,0.087840006,0.13664,0.09272,0.0732,0.122,0.14152001,0.1464,0.097600006
0.318,0.087840006,0.13176002,0.07808,0.06832,0.117120005,0.12688,0.13176002,0.087840006
0.32,0.07808,0.13176002,0.07808,0.06832,0.117120005,0.12688,0.13176002,0.087840006
0.322,0.09272,0.14152001,0.087840006,0.07808,0.12688,0.13664,0.1464,0.097600006
0.324,0.10248,0.14152001,0.087840006,0.09272,0.14152001,0.1464,0.1464,0.10736
0.326,0.087840006,0.13176002,0.0732,0.0732,0.122,0.13176002,0.13176002,0.087840006
0.328,0.087840006,0.13176002,0.0732,0.0732,0.122,0.13176002,0.13176002,0.087840006
0.33,0.087840006,0.13176002,0.07808,0.0732,0.12688,0.13176002,0.13176002,0.087840006
0.332,0.097600006,0.15128,0.097600006,0.09272,0.13664,0.1464,0.15128,0.10736
0.334,0.08296,0.13176002,0.07808,0.06344,0.117120005,0.12688,0.12688,0.08296
0.336,0.0732,0.117120005,0.0732,0.058560003,0.10736,0.117120005,0.12688,0.08296
0.338,0.08296,0.117120005,0.0732,0.058560003,0.10736,0.117120005,0.12688,0.08296
0.34,0.09272,0.13176002,0.08296,0.0732,0.122,0.13176002,0.13664,0.09272
0.342,0.0732,0.11224001,0.058560003,0.058560003,0.10736,0.11224001,0.11224001,0.0732
0.344,0.058560003,0.097600006,0.048800003,0.048800003,0.09272,0.097600006,0.10248,0.06344
0.346,0.058560003,0.09272,0.048800003,0.048800003,0.09272,0.097600006,0.10248,0.06344
0.348,0.058560003,0.09272,0.058560003,0.048800003,0.09272,0.097600006,0.10248,0.06344
0.35,0.058560003,0.08296,0.048800003,0.043920003,0.07808,0.09272,0.087840006,0.058560003
0.352,0.043920003,0.06344,0.03416,0.024400001,0.06344,0.06832,0.0732,0.043920003
0.354,0.043920003,0.06344,0.03416,0.024400001,0.05368,0.06344,0.0732,0.043920003
0.356,0.043920003,0.06344,0.03416,0.024400001,0.05368,0.06344,0.0732,0.043920003
0.358,0.03904,0.05368,0.029280001,0.01952,0.043920003,0.058560003,0.058560003,0.03904
0.36,0.01952,0.029280001,0.00488,0.0,0.024400001,0.029280001,0.03416,0.014640001
0.362,0.014640001,0.01952,0.0,0.0,0.01952,0.024400001,0.024400001,0.014640001
0.364,0.014640001,0.01952,0.0,0.0,0.01952,0.024400001,0.024400001,0.01952
0.366,0.024400001,0.01952,0.00976,0.0,0.014640001,0.01952,0.024400001,0.01952
0.368,0.014640001,0.00488,-0.00488,-0.014640001,0.0,0.00488,0.014640001,0.00488
0.37,0.014640001,0.00488,-0.00488,-0.014640001,-0.00976,0.00488,0.014640001,0.00488
0.372,0.014640001,0.01952,0.00488,-0.00488,0.00488,0.01952,0.01952,0.01952
0.374,0.024400001,0.01952,0.00488,0.00976,0.014640001,0.01952,0.029280001,0.01952
0.376,0.00976,0.00976,-0.00976,-0.00976,0.0,0.00976,0.00976,0.00488
0.378,0.0,0.00976,-0.00976,-0.00976,0.0,0.00976,0.00976,0.00488
0.38,0.00976,0.00976,-0.00488,-0.00488,0.00488,0.00976,0.014640001,0.014640001
0.382,0.029280001,0.029280001,0.014640001,0.00488,0.014640001,0.029280001,0.03416,0.029280001
0.384,0.00976,0.00976,-0.00488,-0.014640001,-0.00488,0.00976,0.014640001,0.00976
0.386,0.00976,0.00976,-0.00488,-0.014640001,-0.00488,0.00976,0.014640001,0.00976
0.388,0.014640001,0.014640001,0.0,-0.00976,0.0,0.014640001,0.01952,0.01952
0.39,0.029280001,0.024400001,0.014640001,0.00976,0.01952,0.03416,0.03904,0.029280001
0.392,0.014640001,0.00976,0.0,-0.00488,0.0,0.014640001,0.014640001,0.00976
0.394,0.0,0.00976,-0.014640001,-0.00488,0.0,0.00976,0.014640001,0.00976
0.396,0.00976,0.00976,-0.00488,-0.00488,0.0,0.00976,0.014640001,0.00976
0.398,0.01952,0.01952,0.0,-0.00488,0.014640001,0.01952,0.03416,0.024400001
0.4,0.01952,0.01952,0.0,-0.00488,0.00488,0.01952,0.024400001,0.00976
0.402,0.00976,0.014640001,-0.00488,-0.00976,0.00488,0.00976,0.01952,0.00976
0.404,0.00976,0.014640001,-0.00488,-0.00976,0.00488,0.00976,0.01952,0.00976
0.406,0.01952,0.01952,0.00488,0.0,0.00976,0.024400001,0.024400001,0.01952
0.408,0.01952,0.01952,0.00488,0.0,0.00976,0.024400001,0.024400001,0.01952
0.41,0.00976,0.00976,-0.00488,-0.00976,0.00488,0.00976,0.00976,0.00976
0.412,0.00976,0.00976,-0.00488,-0.00976,0.00488,0.00976,0.00976,0.00976
0.414,0.01952,0.01952,0.0,-0.00488,0.00976,0.01952,0.024400001,0.01952
0.416,0.01952,0.01952,0.00976,-0.00488,0.00976,0.01952,0.024400001,0.01952
0.418,0.01952,0.00976,-0.00488,-0.014640001,0.0,0.00976,0.014640001,0.00488
0.42,0.014640001,0.00976,-0.00488,-0.014640001,0.0,0.00976,0.014640001,0.00488
0.422,0.014640001,0.01952,0.00488,-0.00488,0.00488,0.01952,0.029280001,0.01952
0.424,0.024400001,0.01952,0.00488,0.00976,0.014640001,0.01952,0.029280001,0.01952
0.426,0.014640001,0.00976,-0.00488,-0.00976,0.0,0.00488,0.00976,0.00488
0.428,0.0,0.00976,-0.00488,-0.00976,0.0,0.00488,0.00976,0.00488
0.43,0.00976,0.014640001,-0.00488,-0.00488,0.00488,0.00976,0.014640001,0.00976
0.432,0.029280001,0.029280001,0.014640001,0.00488,0.014640001,0.024400001,0.03416,0.029280001
0.434,0.00976,0.014640001,-0.00488,-0.00976,0.0,0.00976,0.01952,0.00488
0.436,0.00976,0.014640001,-0.00488,-0.00976,0.0,0.00976,0.01952,0.00488
0.438,0.014640001,0.014640001,-0.00488,-0.00976,0.00488,0.01952,0.024400001,0.00976
0.44,0.029280001,0.029280001,0.014640001,0.00976,0.01952,0.03416,0.03904,0.03416
0.442,0.014640001,0.014640001,-0.00488,-0.00488,0.00488,0.014640001,0.01952,0.014640001
0.444,0.0,0.0,-0.00488,-0.00976,0.0,0.0,0.00488,0.0
0.446,0.0,0.0,-0.00488,-0.00976,0.0,0.0,0.00488,0.0
0.448,0.0,0.0,0.0,0.0,0.0,0.0,0.0,0.0
0.45,-0.014640001,-0.01952,0.0,-0.014640001,-0.01952,-0.014640001,-0.024400001,-0.024400001
0.452,-0.03416,-0.043920003,-0.00488,-0.029280001,-0.03416,-0.043920003,-0.058560003,-0.048800003
0.454,-0.043920003,-0.06344,-0.00488,-0.029280001,-0.043920003,-0.06344,-0.07808,-0.06344
0.456,-0.043920003,-0.06344,0.00488,-0.024400001,-0.043920003,-0.06344,-0.08296,-0.06344
0.458,-0.058560003,-0.07808,0.00488,-0.024400001,-0.043920003,-0.0732,-0.10736,-0.08296
0.46,-0.06832,-0.07808,-0.00488,-0.03416,-0.043920003,-0.0732,-0.10736,-0.08296
0.462,-0.03416,-0.03416,0.00976,-0.00976,0.00488,-0.00976,-0.048800003,-0.03904
0.464,0.03416,0.06344,0.03416,0.03416,0.097600006,0.10248,0.06344,0.03904
0.466,0.10248,0.16592,0.058560003,0.07808,0.18544,0.20984001,0.1708,0.117120005
0.468,0.1708,0.25376,0.06832,0.117120005,0.26839998,0.3172,0.26839998,0.18544
0.47,0.23912,0.34648,0.08296,0.16104001,0.366,0.4392,0.38064,0.26839998
0.472,0.31232,0.45384,0.117120005,0.2196,0.47336,0.56608003,0.51240003,0.37088
0.474,0.39528,0.5612,0.14152001,0.27328,0.57096004,0.68808,0.61,0.44896004
0.476,0.44896004,0.63928,0.15128,0.30256,0.64904004,0.79056,0.71248007,0.51240003
0.478,0.50752,0.73688,0.16592,0.3416,0.74176,0.89304006,0.81496,0.59536
0.48,0.5856,0.83936006,0.19032,0.39040002,0.83936006,1.01992,0.94672,0.6832
0.482,0.67344,0.9516,0.22936,0.44896004,0.93696004,1.13704,1.0638399,0.76616
0.484,0.70272005,0.99552,0.21472,0.4392,0.97112,1.18096,1.10288,0.79544
0.486,0.67832,0.96136004,0.18056,0.37576002,0.8979201,1.12728,1.0638399,0.76616
0.488,0.62464,0.87352,0.117120005,0.26352003,0.75640005,0.99552,0.95648,0.69784003
0.49,0.59048,0.80520004,0.0732,0.1708,0.64416003,0.9028,0.88328004,0.65392005
0.492,0.51728004,0.69296,-0.014640001,0.029280001,0.47336,0.75152004,0.75640005,0.5612
0.494,0.43432,0.5856,-0.097600006,-0.11224001,0.30744,0.60024,0.62952,0.46848002
0.496,0.366,0.47824,-0.18056,-0.25864002,0.13664,0.44896004,0.50752,0.38064
0.498,0.30744,0.38552,-0.23912,-0.366,-0.00488,0.32696003,0.40992,0.31232
0.5,0.23912,0.28304002,-0.3172,-0.49776,-0.17568001,0.17568001,0.28304002,0.22448002
0.502,0.16592,0.1708,-0.39528,-0.6344,-0.33672,0.024400001,0.16104001,0.13176002
0.504,0.10736,0.07808,-0.4636,-0.76616,-0.49776,-0.11224001,0.048800003,0.05368
0.506,0.06344,0.0,-0.51728004,-0.86864,-0.61976004,-0.22448002,-0.03904,-0.00488
0.508,0.01952,-0.06832,-0.55144,-0.9272,-0.70272005,-0.30256,-0.10248,-0.05368
0.51,-0.01952,-0.10736,-0.55144,-0.91744,-0.71736,-0.33184,-0.14152001,-0.08296
0.512,-0.01952,-0.10736,-0.49288002,-0.81984,-0.63928,-0.30256,-0.14152001,-0.08296
0.514,-0.01952,-0.087840006,-0.41968003,-0.69296,-0.54656,-0.25864002,-0.117120005,-0.06832
0.516,-0.01952,-0.0732,-0.34648,-0.57584006,-0.45872,-0.2196,-0.10248,-0.06344
0.518,-0.01952,-0.0732,-0.27816,-0.44896004,-0.36112,-0.18544,-0.087840006,-0.06344
0.52,-0.014640001,-0.05368,-0.18544,-0.30744,-0.23912,-0.117120005,-0.058560003,-0.03904
0.522,0.00488,-0.014640001,-0.087840006,-0.15128,-0.11224001,-0.03904,-0.00976,-0.00488
0.524,0.03416,0.01952,-0.01952,-0.043920003,-0.01952,0.014640001,0.01952,0.01952
0.526,0.024400001,0.01952,0.0,-0.00488,0.00976,0.01952,0.01952,0.01952
0.528,0.01952,0.01952,0.0,-0.00488,0.00976,0.01952,0.01952,0.01952
0.53,0.01952,0.014640001,-0.00488,-0.00976,0.0,0.00976,0.01952,0.014640001
0.532,0.01952,0.014640001,-0.00488,-0.00976,0.0,0.00976,0.01952,0.014640001
0.534,0.0,-0.00488,-0.00976,-0.014640001,-0.014640001,-0.00488,0.0,-0.00488
0.536,0.0,-0.00488,-0.00976,-0.014640001,-0.00488,-0.00488,0.0,-0.00488
0.538,0.00488,0.00976,-0.00488,-0.00488,0.00488,0.00976,0.014640001,0.0
0.54,0.01952,0.024400001,0.014640001,0.014640001,0.01952,0.03416,0.03416,0.01952
0.542,0.01952,0.024400001,0.00488,0.00488,0.01952,0.01952,0.024400001,0.01952
0.544,0.01952,0.01952,0.0,-0.00488,0.014640001,0.01952,0.01952,0.014640001
0.546,0.01952,0.01952,0.0,-0.00488,0.014640001,0.01952,0.01952,0.014640001
0.548,0.01952,0.01952,0.0,-0.00488,0.014640001,0.01952,0.01952,0.014640001
0.55,0.00976,0.00976,-0.00488,-0.00976,0.0,0.00976,0.00976,0.00488
0.552,0.00488,0.00976,-0.00488,-0.00976,0.0,0.00976,0.00976,-0.00488
0.554,0.00488,0.00976,-0.00488,-0.00488,0.00488,0.00976,0.00976,0.00488
0.556,0.014640001,0.01952,0.00488,0.014640001,0.014640001,0.029280001,0.03416,0.024400001
0.558,0.014640001,0.01952,0.00488,0.014640001,0.01952,0.029280001,0.03416,0.03416
0.56,0.00976,0.01952,0.0,0.00976,0.01952,0.024400001,0.029280001,0.024400001
0.562,0.00976,0.01952,0.0,0.00976,0.01952,0.024400001,0.029280001,0.024400001
0.564,0.014640001,0.024400001,0.0,0.00976,0.01952,0.029280001,0.029280001,0.024400001
0.566,0.014640001,0.024400001,0.0,0.00976,0.01952,0.029280001,0.029280001,0.024400001
0.568,0.00488,0.00976,0.0,0.0,0.00976,0.01952,0.014640001,0.00488
0.57,0.00488,0.00976,0.0,0.0,0.00976,0.01952,0.014640001,0.00488
0.572,0.014640001,0.014640001,0.00976,0.014640001,0.024400001,0.029280001,0.029280001,0.01952
0.574,0.029280001,0.03416,0.024400001,0.029280001,0.03904,0.043920003,0.048800003,0.03416
0.576,0.01952,0.024400001,0.00976,0.01952,0.029280001,0.03416,0.03416,0.01952
0.578,0.01952,0.024400001,0.00976,0.01952,0.029280001,0.03416,0.03416,0.01952
0.58,0.01952,0.024400001,0.00976,0.01952,0.029280001,0.03416,0.03904,0.024400001
0.582,0.029280001,0.03416,0.01952,0.029280001,0.048800003,0.048800003,0.048800003,0.03416
0.584,0.014640001,0.01952,0.00976,0.014640001,0.029280001,0.024400001,0.03416,0.00976
0.586,0.014640001,0.01952,0.00976,0.014640001,0.029280001,0.024400001,0.03416,0.00976
0.588,0.014640001,0.029280001,0.00976,0.01952,0.03416,0.03416,0.043920003,0.024400001
0.59,0.03904,0.043920003,0.014640001,0.03904,0.048800003,0.05368,0.058560003,0.03416
0.592,0.029280001,0.03416,0.014640001,0.029280001,0.048800003,0.043920003,0.048800003,0.03416
0.594,0.024400001,0.03416,0.00976,0.029280001,0.048800003,0.043920003,0.048800003,0.03416
0.596,0.024400001,0.03416,0.00976,0.029280001,0.05368,0.048800003,0.048800003,0.03416
0.598,0.029280001,0.03904,0.014640001,0.03416,0.06344,0.05368,0.058560003,0.043920003
0.6,0.029280001,0.03904,0.014640001,0.03416,0.05368,0.05368,0.048800003,0.029280001
0.602,0.024400001,0.03904,0.014640001,0.029280001,0.05368,0.048800003,0.048800003,0.029280001
0.604,0.024400001,0.03904,0.014640001,0.029280001,0.05368,0.048800003,0.048800003,0.029280001
0.606,0.03416,0.058560003,0.024400001,0.043920003,0.0732,0.06832,0.06832,0.048800003
0.608,0.03904,0.058560003,0.024400001,0.043920003,0.0732,0.06832,0.06832,0.048800003
0.61,0.03904,0.05368,0.014640001,0.043920003,0.06832,0.06832,0.058560003,0.043920003
0.612,0.03904,0.05368,0.014640001,0.043920003,0.06832,0.06832,0.058560003,0.043920003
0.614,0.043920003,0.06344,0.024400001,0.048800003,0.07808,0.07808,0.06832,0.048800003
0.616,0.043920003,0.06344,0.03416,0.048800003,0.07808,0.07808,0.06832,0.048800003
0.618,0.03416,0.05368,0.01952,0.043920003,0.07808,0.06832,0.06344,0.03904
0.62,0.03416,0.05368,0.01952,0.043920003,0.07808,0.06832,0.06344,0.03904
0.622,0.043920003,0.06832,0.024400001,0.05368,0.09272,0.08296,0.08296,0.048800003
0.624,0.06344,0.08296,0.03416,0.06832,0.10736,0.097600006,0.09272,0.06344
0.626,0.048800003,0.06832,0.01952,0.05368,0.097600006,0.087840006,0.0732,0.05368
0.628,0.048800003,0.06832,0.01952,0.05368,0.097600006,0.087840006,0.0732,0.05368
0.63,0.048800003,0.0732,0.01952,0.058560003,0.10736,0.09272,0.07808,0.05368
0.632,0.06344,0.08296,0.03904,0.07808,0.122,0.10736,0.087840006,0.0732
0.634,0.043920003,0.06832,0.024400001,0.058560003,0.10248,0.087840006,0.0732,0.05368
0.636,0.03416,0.06832,0.024400001,0.058560003,0.10248,0.087840006,0.0732,0.05368
0.638,0.048800003,0.06832,0.029280001,0.058560003,0.11224001,0.097600006,0.08296,0.06344
0.64,0.06344,0.08296,0.048800003,0.0732,0.122,0.10736,0.097600006,0.08296
0.642,0.06344,0.08296,0.03416,0.0732,0.122,0.10736,0.087840006,0.0732
0.644,0.058560003,0.0732,0.029280001,0.06832,0.122,0.10736,0.087840006,0.0732
0.646,0.058560003,0.08296,0.029280001,0.06832,0.12688,0.10736,0.087840006,0.0732
0.648,0.06832,0.087840006,0.03416,0.07808,0.13176002,0.11224001,0.10736,0.07808
0.65,0.05368,0.087840006,0.03416,0.07808,0.13176002,0.11224001,0.09272,0.07808
0.652,0.05368,0.07808,0.029280001,0.0732,0.13176002,0.11224001,0.09272,0.06832
0.654,0.05368,0.087840006,0.029280001,0.0732,0.13664,0.11224001,0.09272,0.06832
0.656,0.0732,0.10248,0.03904,0.09272,0.15128,0.13176002,0.11224001,0.087840006
0.658,0.0732,0.10248,0.03904,0.09272,0.15128,0.13176002,0.11224001,0.087840006
0.66,0.06832,0.097600006,0.029280001,0.087840006,0.1464,0.12688,0.10248,0.07808
0.662,0.06832,0.097600006,0.029280001,0.087840006,0.1464,0.12688,0.10248,0.07808
0.664,0.07808,0.10736,0.03904,0.097600006,0.15616,0.13664,0.11224001,0.087840006
0.666,0.07808,0.10736,0.03904,0.097600006,0.15616,0.13664,0.11224001,0.087840006
0.668,0.06832,0.10248,0.03904,0.087840006,0.15128,0.13176002,0.10736,0.0732
0.67,0.06832,0.10248,0.03904,0.087840006,0.15128,0.13176002,0.10736,0.0732
0.672,0.07808,0.11224001,0.048800003,0.097600006,0.16104001,0.1464,0.117120005,0.087840006
0.674,0.09272,0.12688,0.048800003,0.11224001,0.18056,0.16104001,0.13176002,0.10736
0.676,0.08296,0.117120005,0.03904,0.10248,0.1708,0.1464,0.117120005,0.09272
0.678,0.08296,0.117120005,0.03904,0.10248,0.1708,0.1464,0.117120005,0.09272
0.68,0.08296,0.117120005,0.043920003,0.10736,0.18056,0.15616,0.12688,0.097600006
0.682,0.09272,0.14152001,0.06344,0.122,0.19520001,0.17568001,0.14152001,0.11224001
0.684,0.07808,0.122,0.043920003,0.11224001,0.19520001,0.16104001,0.12688,0.087840006
0.686,0.07808,0.122,0.043920003,0.11224001,0.20008,0.16104001,0.12688,0.087840006
0.688,0.087840006,0.13664,0.05368,0.122,0.20984001,0.17568001,0.14152001,0.10248
0.69,0.10736,0.15616,0.06832,0.13664,0.22448002,0.19520001,0.16104001,0.122
0.692,0.097600006,0.15616,0.058560003,0.13664,0.22448002,0.19520001,0.15128,0.122
0.694,0.097600006,0.15616,0.05368,0.13664,0.22936,0.19520001,0.15128,0.122
0.696,0.097600006,0.16104001,0.05368,0.1464,0.23424001,0.20496,0.16104001,0.12688
0.698,0.10736,0.17568001,0.0732,0.16104001,0.25376,0.2196,0.17568001,0.14152001
0.7,0.10736,0.16592,0.06344,0.16104001,0.25376,0.2196,0.17568001,0.13176002
0.702,0.10736,0.16592,0.06344,0.16104001,0.25864002,0.22448002,0.17568001,0.13176002
0.704,0.10736,0.17568001,0.06344,0.16592,0.27328,0.22936,0.18544,0.13664
0.706,0.13176002,0.19032,0.0732,0.18056,0.2928,0.244,0.20008,0.15616
0.708,0.13176002,0.20008,0.0732,0.18056,0.2928,0.244,0.20008,0.15616
0.71,0.12688,0.19032,0.06832,0.18056,0.2928,0.244,0.18544,0.15128
0.712,0.12688,0.19032,0.06832,0.18056,0.2928,0.244,0.19520001,0.15128
0.714,0.13664,0.20008,0.07808,0.19032,0.30256,0.25376,0.20496,0.16104001
0.716,0.13664,0.20008,0.087840006,0.19032,0.30256,0.26839998,0.20496,0.16104001
0.718,0.12688,0.19032,0.0732,0.18056,0.30256,0.25376,0.19520001,0.15616
0.72,0.12688,0.19032,0.0732,0.18056,0.30256,0.25376,0.19520001,0.15616
0.722,0.13664,0.20496,0.07808,0.19032,0.3172,0.26839998,0.20984001,0.16592
0.724,0.15128,0.2196,0.087840006,0.20008,0.32696003,0.26839998,0.2196,0.17568001
0.726,0.13664,0.20008,0.06344,0.18544,0.30744,0.24888,0.20008,0.15616
0.728,0.13176002,0.20008,0.06344,0.18544,0.30744,0.24888,0.20008,0.15616
0.73,0.13176002,0.20008,0.06832,0.18544,0.30744,0.25376,0.20496,0.16104001
0.732,0.14152001,0.20984001,0.087840006,0.19520001,0.3172,0.26352003,0.21472,0.1708
0.734,0.122,0.18544,0.06832,0.17568001,0.28792003,0.23912,0.19032,0.1464
0.736,0.11224001,0.18056,0.06832,0.16592,0.28304002,0.23424001,0.18544,0.14152001
0.738,0.11224001,0.18056,0.06832,0.16592,0.28304002,0.23424001,0.18544,0.14152001
0.74,0.12688,0.19520001,0.07808,0.18056,0.2928,0.24888,0.20008,0.15616
0.742,0.11224001,0.17568001,0.06344,0.16104001,0.26839998,0.22448002,0.17568001,0.13176002
0.744,0.10248,0.16104001,0.048800003,0.15128,0.25376,0.20496,0.16592,0.12688
0.746,0.10248,0.16104001,0.058560003,0.15128,0.24888,0.20496,0.16592,0.12688
0.748,0.10248,0.16104001,0.06344,0.15128,0.24888,0.21472,0.16592,0.12688
0.75,0.097600006,0.15616,0.06344,0.13664,0.23424001,0.19520001,0.15128,0.117120005
0.752,0.08296,0.13176002,0.048800003,0.117120005,0.20496,0.17568001,0.13664,0.10248
0.754,0.07808,0.12688,0.048800003,0.11224001,0.19032,0.16592,0.13664,0.10248
0.756,0.07808,0.12688,0.048800003,0.11224001,0.19032,0.16592,0.13664,0.10248
0.758,0.07808,0.117120005,0.043920003,0.10736,0.16592,0.15128,0.117120005,0.09272
0.76,0.05368,0.097600006,0.03416,0.07808,0.13664,0.117120005,0.097600006,0.06832
0.762,0.048800003,0.07808,0.029280001,0.06344,0.122,0.097600006,0.08296,0.06344
0.764,0.048800003,0.07808,0.029280001,0.058560003,0.11224001,0.09272,0.07808,0.06344
0.766,0.048800003,0.06832,0.029280001,0.048800003,0.09272,0.07808,0.06832,0.05368
0.768,0.024400001,0.03904,0.00976,0.01952,0.058560003,0.05368,0.03904,0.024400001
0.77,0.00976,0.029280001,0.00976,0.00976,0.048800003,0.03904,0.03416,0.01952
0.772,0.01952,0.029280001,0.014640001,0.01952,0.043920003,0.03904,0.03416,0.01952
0.774,0.01952,0.029280001,0.014640001,0.01952,0.043920003,0.048800003,0.043920003,0.029280001
0.776,0.014640001,0.014640001,-0.00488,0.0,0.01952,0.01952,0.01952,0.00976
0.778,0.00976,0.00976,-0.00488,-0.00488,0.014640001,0.014640001,0.01952,0.0
0.78,0.00976,0.00976,-0.00488,-0.00488,0.014640001,0.014640001,0.01952,0.00976
0.782,0.01952,0.024400001,0.00976,-0.00488,0.014640001,0.024400001,0.029280001,0.01952
0.784,0.00488,0.0,-0.00976,-0.01952,-0.00976,0.0,0.0,-0.00488
0.786,0.0,-0.00488,-0.00976,-0.024400001,-0.00976,-0.00488,0.0,-0.014640001
0.788,0.0,-0.00488,-0.00488,-0.024400001,-0.00976,-0.00488,0.00488,-0.00488
0.79,0.014640001,0.00976,0.00488,-0.00976,0.00488,0.00976,0.014640001,0.00488
0.792,0.00488,-0.00488,-0.00976,-0.01952,-0.00976,-0.00488,0.0,-0.00488
0.794,0.0,-0.00488,-0.00976,-0.024400001,-0.00976,-0.00488,0.0,-0.00488
0.796,0.0,-0.00488,-0.00976,-0.024400001,-0.00976,-0.00488,0.00488,-0.00488
0.798,0.00976,0.0,-0.00488,-0.014640001,-0.00488,0.00488,0.014640001,0.00976
0.8,0.00976,0.0,-0.00488,-0.014640001,-0.00488,0.00488,0.00488,0.0
0.802,0.0,0.0,-0.00976,-0.01952,-0.00976,-0.00488,0.00488,-0.00488
0.804,0.0,0.0,-0.00976,-0.01952,-0.00976,-0.00488,0.00488,-0.00488
0.806,0.00976,0.00488,0.0,-0.014640001,-0.00488,0.00488,0.00976,0.00488
0.808,0.00976,0.00488,0.0,-0.014640001,-0.00488,0.00488,0.00976,0.00488
0.81,0.0,-0.00488,-0.014640001,-0.024400001,-0.014640001,-0.00488,0.00488,-0.00488
0.812,0.0,-0.00488,-0.014640001,-0.024400001,-0.014640001,-0.00488,0.00488,-0.00488
0.814,0.00976,0.00488,-0.00488,-0.014640001,-0.00488,0.00488,0.00976,0.00488
0.816,0.00976,0.00488,-0.00488,-0.014640001,-0.00488,0.00488,0.00976,0.00488
0.818,0.0,-0.00488,-0.014640001,-0.024400001,-0.00976,-0.00488,0.0,-0.00488
0.82,0.0,-0.00488,-0.014640001,-0.024400001,-0.00976,-0.00488,0.0,-0.00488
0.822,0.00976,0.00488,-0.00488,-0.00976,0.0,0.0,0.00976,0.00488
0.824,0.00976,0.00488,0.00488,-0.00976,0.0,0.00976,0.00976,0.00488
0.826,0.0,-0.00488,-0.00976,-0.01952,-0.00976,-0.00488,0.00488,-0.00488
0.828,0.0,-0.00488,-0.00976,-0.01952,-0.00976,-0.00488,0.00488,-0.00488
0.83,0.0,-0.00488,-0.00976,-0.01952,-0.00976,-0.00488,0.00488,-0.00488
0.832,0.01952,0.014640001,0.00976,-0.00976,0.0,0.014640001,0.01952,0.014640001
0.834,0.00488,0.0,-0.00976,-0.01952,-0.014640001,-0.00488,0.0,-0.00488
0.836,0.00488,0.0,-0.00976,-0.01952,-0.014640001,-0.00488,0.0,-0.00488
0.838,0.00488,0.0,-0.00976,-0.01952,-0.00976,0.0,0.00488,0.00488
0.84,0.00976,0.01952,0.00976,0.0,0.00488,0.01952,0.024400001,0.014640001
0.842,0.00976,0.0,0.0,-0.00976,-0.00976,-0.00488,0.00488,0.0
0.844,0.0,-0.014640001,-0.00976,-0.01952,-0.00976,-0.00488,0.00488,0.0
0.846,0.0,-0.00488,-0.00976,-0.01952,-0.00976,-0.00488,0.00488,0.0
0.848,0.00976,0.00488,-0.00488,-0.014640001,-0.00488,0.00488,0.00976,0.00488
0.85,0.00976,0.00488,-0.00488,-0.014640001,-0.00488,0.00488,0.00976,0.00488
0.852,0.00488,0.0,-0.00976,-0.01952,-0.00976,0.0,0.00488,-0.00488
0.854,0.00488,0.0,-0.00976,-0.01952,-0.00976,0.0,0.00488,-0.00488
0.856,0.00976,0.00976,0.0,-0.00976,0.0,0.00976,0.014640001,0.00976
0.858,0.00976,0.00976,0.0,-0.00976,0.0,0.00976,0.014640001,0.00976
0.86,0.0,0.0,-0.00976,-0.01952,-0.00976,-0.00488,0.00488,0.0
0.862,0.0,0.0,-0.00976,-0.01952,-0.00976,-0.00488,0.00488,0.0
0.864,0.00976,0.00488,0.0,-0.014640001,-0.00488,0.00976,0.014640001,0.00488
0.866,0.01952,0.00488,0.0,-0.014640001,-0.00488,0.00976,0.014640001,0.00488
0.868,0.00488,0.0,-0.00976,-0.01952,-0.014640001,0.0,0.0,-0.00488
0.87,0.00488,0.0,-0.00976,-0.01952,-0.014640001,0.0,0.0,-0.00488
0.872,0.014640001,0.00976,0.0,-0.00976,0.0,0.00976,0.014640001,0.00488
0.874,0.014640001,0.00976,0.0,0.0,0.0,0.00976,0.029280001,0.014640001
0.876,0.0,0.0,-0.00976,-0.01952,-0.014640001,0.0,0.00488,0.0
0.878,0.0,0.0,-0.00976,-0.01952,-0.014640001,-0.00976,0.00488,0.0
0.88,0.00488,0.0,-0.00976,-0.01952,-0.00976,0.0,0.00976,0.0
0.882,0.024400001,0.01952,0.00976,0.0,0.00488,0.024400001,0.029280001,0.014640001
0.884,0.00488,0.0,-0.00976,-0.01952,-0.00976,0.0,0.0,0.0
0.886,0.00488,0.0,-0.00976,-0.01952,-0.00976,0.0,0.0,0.0
0.888,0.00488,0.00488,-0.00488,-0.01952,-0.00488,0.00488,0.014640001,0.00488
0.89,0.01952,0.01952,0.014640001,0.00488,0.00976,0.024400001,0.029280001,0.01952
0.892,0.00488,0.00488,-0.00488,-0.014640001,-0.00488,0.00488,0.00976,0.0
0.894,0.00488,0.0,-0.00488,-0.014640001,-0.00488,-0.00976,0.00976,0.0
0.896,0.00488,0.0,-0.00488,-0.014640001,-0.00488,0.0,0.00976,0.00488
0.898,0.014640001,0.00976,0.0,-0.00976,0.0,0.00976,0.01952,0.014640001
0.9,0.014640001,0.00976,0.0,-0.00976,0.0,0.00976,0.00488,0.00488
0.902,0.00976,0.00488,-0.00976,-0.014640001,-0.00488,0.0,0.00488,0.0
0.904,0.00976,0.00488,-0.00976,-0.014640001,-0.00488,0.0,0.00976,0.0
0.906,0.014640001,0.014640001,0.0,-0.00488,0.00488,0.014640001,0.01952,0.014640001
0.908,0.014640001,0.014640001,0.0,-0.00488,0.00488,0.014640001,0.01952,0.014640001
0.91,0.00488,0.0,-0.00976,-0.014640001,-0.00488,0.0,0.00976,0.00488
0.912,0.00488,0.0,-0.00976,-0.014640001,-0.00488,0.0,0.00976,0.00488
0.914,0.014640001,0.00976,0.00488,-0.00976,0.0,0.00976,0.014640001,0.00976
0.916,0.014640001,0.00976,0.00488,-0.00976,0.0,0.00976,0.014640001,0.00976
0.918,0.00976,0.00488,-0.00976,-0.01952,-0.00488,0.00488,0.00488,0.0
0.92,0.00976,-0.00488,-0.00976,-0.01952,-0.00488,0.00488,0.00488,0.0
0.922,0.00976,0.00976,0.00488,-0.00488,0.0,0.014640001,0.01952,0.00976
0.924,0.024400001,0.01952,0.00488,-0.00488,0.00976,0.014640001,0.01952,0.01952
0.926,0.00976,0.00488,-0.00488,-0.014640001,-0.00488,0.00488,0.00976,0.0
0.928,0.00488,0.00488,-0.00488,-0.014640001,-0.00488,0.00488,0.00976,0.0
0.93,0.00488,0.00488,-0.00488,-0.00976,-0.00488,0.00488,0.014640001,0.00488
0.932,0.029280001,0.01952,0.00976,0.0,0.00976,0.024400001,0.024400001,0.01952
0.934,0.00976,0.00488,-0.00488,-0.014640001,-0.00976,0.00488,0.00488,-0.00488
0.936,0.00976,0.00488,-0.00488,-0.014640001,-0.00976,0.00488,0.00488,-0.00488
0.938,0.00976,0.00976,-0.00488,-0.014640001,-0.00488,0.00976,0.014640001,0.00976
0.94,0.01952,0.024400001,0.014640001,0.00488,0.014640001,0.024400001,0.03416,0.024400001
0.942,0.00976,0.00976,0.0,-0.00488,-0.00488,0.00488,0.014640001,0.00488
0.944,0.00976,0.0,-0.014640001,-0.014640001,-0.00488,0.00488,0.014640001,0.00488
0.946,0.00976,0.00976,-0.00488,-0.014640001,0.0,0.00976,0.014640001,0.00488
0.948,0.014640001,0.014640001,0.0,-0.00488,0.0,0.014640001,0.024400001,0.014640001
0.95,0.014640001,0.014640001,0.0,-0.00488,0.0,0.014640001,0.014640001,0.00488
0.952,0.00976,0.00976,-0.00488,-0.014640001,0.0,0.00976,0.00976,0.00488
0.954,0.00976,0.00976,-0.00488,-0.014640001,0.0,0.00976,0.00976,0.00488
0.956,0.01952,0.014640001,0.00488,-0.00488,0.00488,0.01952,0.024400001,0.014640001
0.958,0.01952,0.014640001,0.00488,-0.00488,0.00488,0.01952,0.024400001,0.014640001
0.96,0.00488,0.00488,-0.00488,-0.014640001,0.0,0.00488,0.00976,0.00488
0.962,0.00488,0.00488,-0.00488,-0.014640001,0.0,0.00488,0.00976,0.00488
0.964,0.014640001,0.014640001,0.0,-0.00976,0.00488,0.01952,0.01952,0.00976
0.966,0.024400001,0.014640001,0.00976,0.0,0.00488,0.01952,0.01952,0.00976
0.968,0.00976,0.00488,-0.00488,-0.014640001,-0.00488,0.00488,0.00976,0.0
0.97,0.00976,0.00488,-0.00488,-0.014640001,-0.00488,0.00488,0.00976,0.0
0.972,0.00976,0.014640001,0.00488,-0.00488,0.00488,0.01952,0.01952,0.014640001
0.974,0.024400001,0.024400001,0.00488,0.00976,0.014640001,0.01952,0.029280001,0.024400001
0.976,0.00976,0.00976,-0.00488,-0.00976,0.0,0.00976,0.00976,0.0
0.978,0.00976,0.00976,-0.00488,-0.00976,0.0,0.00488,0.00976,0.0
0.98,0.00976,0.00976,-0.00488,-0.00976,0.0,0.00488,0.014640001,0.00976
0.982,0.029280001,0.029280001,0.014640001,0.00488,0.014640001,0.029280001,0.03416,0.024400001
0.984,0.00976,0.00976,-0.00488,-0.00976,-0.00488,0.00976,0.00488,0.0
0.986,0.00976,0.00976,-0.00488,-0.00976,-0.00488,0.00976,0.00488,0.0
0.988,0.00976,0.00976,0.0,-0.00976,0.0,0.014640001,0.01952,0.00976
0.99,0.024400001,0.024400001,0.014640001,0.00976,0.01952,0.029280001,0.03416,0.029280001
0.992,0.00976,0.00976,0.0,-0.00976,0.00488,0.00976,0.014640001,0.00976
0.994,0.00976,0.00976,-0.00488,-0.00976,-0.00488,0.00976,0.014640001,0.00976
0.996,0.00976,0.00976,-0.00488,-0.00976,0.00488,0.00976,0.014640001,0.00976
0.998,0.014640001,0.014640001,0.00488,-0.00488,0.00976,0.01952,0.03416,0.014640001
1.0,0.014640001,0.014640001,0.00488,-0.00488,0.00976,0.01952,0.01952,0.014640001
1.002,0.00976,0.00976,0.0,-0.00976,0.0,0.00976,0.00488,0.00976
1.004,0.00976,0.00976,0.0,-0.00976,0.0,0.00976,0.014640001,0.00976
1.006,0.01952,0.01952,0.00488,0.0,0.00976,0.01952,0.024400001,0.014640001
1.008,0.01952,0.01952,0.00488,0.0,0.00976,0.01952,0.024400001,0.014640001
1.01,0.00976,0.00976,-0.00488,-0.00976,0.0,0.00976,0.014640001,0.00488
1.012,0.00976,0.00976,-0.00488,-0.00976,0.0,0.00976,0.014640001,0.00488
1.014,0.01952,0.01952,0.00488,-0.00488,0.00488,0.01952,0.024400001,0.01952
1.016,0.01952,0.01952,0.00488,0.00488,0.00488,0.01952,0.024400001,0.01952
1.018,0.00976,0.00976,0.0,-0.014640001,-0.00488,0.00976,0.014640001,0.00488
1.02,0.00976,0.00976,0.0,-0.014640001,-0.00488,0.00976,0.014640001,0.00488
1.022,0.01952,0.01952,0.00976,0.0,0.00976,0.01952,0.024400001,0.01952
1.024,0.01952,0.01952,0.00976,0.0,0.00976,0.01952,0.03904,0.01952
1.026,0.00976,0.00976,-0.00976,-0.00976,0.0,0.00488,0.00976,0.00488
1.028,0.00976,0.00976,-0.00976,-0.00976,0.0,0.00488,0.00976,0.00488
1.03,0.00976,0.00976,-0.00488,-0.00488,0.00488,0.00976,0.014640001,0.00976
1.032,0.03416,0.029280001,0.014640001,0.00488,0.014640001,0.029280001,0.03416,0.024400001
1.034,0.014640001,0.014640001,0.0,-0.00976,0.00488,0.014640001,0.01952,0.00976
1.036,0.014640001,0.014640001,0.0,-0.00976,0.00488,0.014640001,0.01952,0.00976
1.038,0.024400001,0.024400001,0.00976,0.0,0.024400001,0.029280001,0.03416,0.024400001
1.04,0.03904,0.048800003,0.024400001,0.01952,0.03904,0.048800003,0.05368,0.03416
1.042,0.03904,0.048800003,0.024400001,0.01952,0.03904,0.048800003,0.05368,0.03416
1.044,0.03904,0.05368,0.024400001,0.01952,0.048800003,0.05368,0.058560003,0.03416
1.046,0.043920003,0.06344,0.03416,0.024400001,0.06344,0.06832,0.0732,0.043920003
1.048,0.058560003,0.08296,0.048800003,0.043920003,0.07808,0.09272,0.09272,0.058560003
1.05,0.058560003,0.087840006,0.048800003,0.043920003,0.07808,0.09272,0.097600006,0.058560003
1.052,0.058560003,0.087840006,0.048800003,0.043920003,0.08296,0.097600006,0.097600006,0.058560003
1.054,0.06344,0.09272,0.058560003,0.048800003,0.087840006,0.10248,0.10248,0.06832
1.056,0.07808,0.11224001,0.0732,0.06344,0.10248,0.117120005,0.122,0.08296
1.058,0.07808,0.11224001,0.0732,0.06344,0.10736,0.117120005,0.122,0.08296
1.06,0.0732,0.11224001,0.06344,0.058560003,0.10736,0.10248,0.122,0.06832
1.062,0.0732,0.117120005,0.06344,0.058560003,0.11224001,0.117120005,0.122,0.07808
1.064,0.08296,0.13176002,0.07808,0.06832,0.117120005,0.13176002,0.13664,0.087840006
1.066,0.087840006,0.14152001,0.087840006,0.06832,0.12688,0.14152001,0.13664,0.097600006
1.068,0.087840006,0.13176002,0.07808,0.06832,0.117120005,0.13176002,0.13176002,0.087840006
1.07,0.07808,0.13176002,0.07808,0.06832,0.117120005,0.13176002,0.13176002,0.087840006
1.072,0.09272,0.14152001,0.087840006,0.07808,0.12688,0.13664,0.14152001,0.097600006
1.074,0.10248,0.14152001,0.087840006,0.09272,0.14152001,0.1464,0.15128,0.10736
1.076,0.087840006,0.13176002,0.0732,0.0732,0.122,0.12688,0.13176002,0.087840006
1.078,0.087840006,0.13176002,0.0732,0.0732,0.122,0.12688,0.13176002,0.087840006
1.08,0.087840006,0.13176002,0.07808,0.0732,0.12688,0.13176002,0.13176002,0.087840006
1.082,0.10248,0.15128,0.097600006,0.09272,0.13664,0.1464,0.15128,0.10736
1.084,0.08296,0.13176002,0.07808,0.06344,0.11224001,0.12688,0.12688,0.08296
1.086,0.07808,0.117120005,0.0732,0.06344,0.10736,0.122,0.122,0.08296
1.088,0.07808,0.117120005,0.0732,0.06344,0.10736,0.122,0.122,0.08296
1.09,0.09272,0.13176002,0.08296,0.07808,0.122,0.13176002,0.13664,0.09272
1.092,0.0732,0.10736,0.058560003,0.06344,0.10248,0.11224001,0.11224001,0.0732
1.094,0.058560003,0.097600006,0.048800003,0.048800003,0.09272,0.09272,0.097600006,0.06344
1.096,0.058560003,0.09272,0.048800003,0.048800003,0.09272,0.09272,0.097600006,0.06344
1.098,0.06832,0.09272,0.058560003,0.048800003,0.09272,0.10248,0.10736,0.06344
1.1,0.058560003,0.08296,0.048800003,0.03904,0.07808,0.087840006,0.087840006,0.058560003
1.102,0.043920003,0.06344,0.03416,0.024400001,0.06344,0.06832,0.0732,0.043920003
1.104,0.043920003,0.058560003,0.03416,0.024400001,0.05368,0.06344,0.0732,0.043920003
1.106,0.043920003,0.058560003,0.03416,0.024400001,0.05368,0.06344,0.0732,0.043920003
1.108,0.03904,0.05368,0.024400001,0.024400001,0.043920003,0.058560003,0.058560003,0.03904
1.11,0.024400001,0.029280001,0.00488,0.0,0.01952,0.029280001,0.03904,0.014640001
1.112,0.01952,0.01952,0.00488,-0.00488,0.014640001,0.024400001,0.029280001,0.014640001
1.114,0.01952,0.01952,0.00488,-0.00488,0.014640001,0.024400001,0.029280001,0.01952
1.116,0.01952,0.01952,0.00488,0.00488,0.014640001,0.01952,0.029280001,0.01952
1.118,0.00976,0.00488,0.0,-0.014640001,0.0,0.00488,0.014640001,0.00488
1.12,0.00976,0.00488,-0.00976,-0.014640001,0.0,0.00488,0.014640001,0.00488
1.122,0.014640001,0.014640001,0.00488,-0.00976,0.00488,0.01952,0.01952,0.01952
1.124,0.024400001,0.024400001,0.00976,0.00976,0.014640001,0.024400001,0.029280001,0.024400001
1.126,0.00976,0.00976,-0.00976,-0.014640001,0.0,0.00976,0.00976,0.0
1.128,0.0,0.0,0.0,0.0,0.0,0.0,0.0,0.0
1.13,0.0,0.0,0.0,0.0,0.0,0.0,0.0,0.0
1.132,0.0,0.0,0.0,0.0,0.0,0.0,0.0,0.0
1.134,0.0,0.0,0.0,0.0,0.0,0.0,0.0,0.0
1.136,0.0,0.0,0.0,0.0,0.0,0.0,0.0,0.0
1.138,0.0,0.0,0.0,0.0,0.0,0.0,0.0,0.0
1.14,0.0,0.0,0.0,0.0,0.0,0.0,0.0,0.0
1.142,0.0,0.0,0.0,0.0,0.0,0.0,0.0,0.0
1.144,0.0,0.0,0.0,0.0,0.0,0.0,0.0,0.0
1.146,0.0,0.0,0.0,0.0,0.0,0.0,0.0,0.0
1.148,0.0,0.0,0.0,0.0,0.0,0.0,0.0,0.0
1.15,0.0,0.0,0.0,0.0,0.0,0.0,0.0,0.0
1.152,0.0,0.0,0.0,0.0,0.0,0.0,0.0,0.0
1.154,0.0,0.0,0.0,0.0,0.0,0.0,0.0,0.0
1.156,0.0,0.0,0.0,0.0,0.0,0.0,0.0,0.0
1.158,0.0,0.0,0.0,0.0,0.0,0.0,0.0,0.0
1.16,0.0,0.0,0.0,0.0,0.0,0.0,0.0,0.0
1.162,0.0,0.0,0.0,0.0,0.0,0.0,0.0,0.0
1.164,0.0,0.0,0.0,0.0,0.0,0.0,0.0,0.0
1.166,0.0,0.0,0.0,0.0,0.0,0.0,0.0,0.0
1.168,0.0,0.0,0.0,0.0,0.0,0.0,0.0,0.0
1.17,0.0,0.0,0.0,0.0,0.0,0.0,0.0,0.0
1.172,0.0,0.0,0.0,0.0,0.0,0.0,0.0,0.0
1.174,0.0,0.0,0.0,0.0,0.0,0.0,0.0,0.0
1.176,0.0,0.0,0.0,0.0,0.0,0.0,0.0,0.0
1.178,0.0,0.0,0.0,0.0,0.0,0.0,0.0,0.0
1.18,0.0,0.0,0.0,0.0,0.0,0.0,0.0,0.0
1.182,0.0,0.0,0.0,0.0,0.0,0.0,0.0,0.0
1.184,0.0,0.0,0.0,0.0,0.0,0.0,0.0,0.0
1.186,0.0,0.0,0.0,0.0,0.0,0.0,0.0,0.0
1.188,0.0,0.0,0.0,0.0,0.0,0.0,0.0,0.0
1.19,0.0,0.0,0.0,0.0,0.0,0.0,0.0,0.0
1.192,0.0,0.0,0.0,0.0,0.0,0.0,0.0,0.0
1.194,0.0,0.0,0.0,0.0,0.0,0.0,0.0,0.0
1.196,0.0,0.0,0.0,0.0,0.0,0.0,0.0,0.0
1.198,0.0,0.0,0.0,0.0,0.0,0.0,0.0,0.0
